V,I_0,I_1,I_2,I_3,I_4,I_5
-2.96985,-3.297029623135e-09,-3.297029623135e-09,-3.297029623135e-09,-3.297029623135e-09,-3.297029623135e-09,-3.297029623135e-09
-2.9598500000000003,-3.297029623135e-09,-3.297029623135e-09,-3.297029623135e-09,-3.297029623135e-09,-3.297029623135e-09,-3.297029623135e-09
-2.9498500000000005,-3.297029623135e-09,-3.297029623135e-09,-3.297029623135e-09,-3.297029623135e-09,-3.297029623135e-09,-3.297029623135e-09
-2.9398500000000007,-3.297029623135e-09,-3.297029623135e-09,-3.297029623135e-09,-3.297029623135e-09,-3.297029623135e-09,-3.297029623135e-09
-2.929850000000001,-3.297029623135e-09,-3.297029623135e-09,-3.297029623135e-09,-3.297029623135e-09,-3.297029623135e-09,-3.297029623135e-09
-2.919850000000001,-3.297029623135e-09,-3.297029623135e-09,-3.297029623135e-09,-3.297029623135e-09,-3.297029623135e-09,-3.297029623135e-09
-2.9098500000000014,-3.297029623135e-09,-3.297029623135e-09,-3.297029623135e-09,-3.297029623135e-09,-3.297029623135e-09,-3.297029623135e-09
-2.8998500000000016,-3.297029623135e-09,-3.297029623135e-09,-3.297029623135e-09,-3.297029623135e-09,-3.297029623135e-09,-3.297029623135e-09
-2.889850000000002,-3.297029623135e-09,-3.297029623135e-09,-3.297029623135e-09,-3.297029623135e-09,-3.297029623135e-09,-3.297029623135e-09
-2.879850000000002,-3.297029623135e-09,-3.297029623135e-09,-3.297029623135e-09,-3.297029623135e-09,-3.297029623135e-09,-3.297029623135e-09
-2.8698500000000022,-3.297029623135e-09,-3.297029623135e-09,-3.297029623135e-09,-3.297029623135e-09,-3.297029623135e-09,-3.297029623135e-09
-2.8598500000000024,-3.297029623135e-09,-3.297029623135e-09,-3.297029623135e-09,-3.297029623135e-09,-3.297029623135e-09,-3.297029623135e-09
-2.8498500000000027,-3.297029623135e-09,-3.297029623135e-09,-3.297029623135e-09,-3.297029623135e-09,-3.297029623135e-09,-3.297029623135e-09
-2.839850000000003,-3.297029623135e-09,-3.297029623135e-09,-3.297029623135e-09,-3.297029623135e-09,-3.297029623135e-09,-3.297029623135e-09
-2.829850000000003,-3.297029623135e-09,-3.297029623135e-09,-3.297029623135e-09,-3.297029623135e-09,-3.297029623135e-09,-3.297029623135e-09
-2.8198500000000033,-3.297029623135e-09,-3.297029623135e-09,-3.297029623135e-09,-3.297029623135e-09,-3.297029623135e-09,-3.297029623135e-09
-2.8098500000000035,-3.297029623135e-09,-3.297029623135e-09,-3.297029623135e-09,-3.297029623135e-09,-3.297029623135e-09,-3.297029623135e-09
-2.7998500000000037,-3.297029623135e-09,-3.297029623135e-09,-3.297029623135e-09,-3.297029623135e-09,-3.297029623135e-09,-3.297029623135e-09
-2.789850000000004,-3.297029623135e-09,-3.297029623135e-09,-3.297029623135e-09,-3.297029623135e-09,-3.297029623135e-09,-3.297029623135e-09
-2.779850000000004,-3.297029623135e-09,-3.297029623135e-09,-3.2966770053217613e-09,-3.297029623135e-09,-3.297029623135e-09,-3.297029623135e-09
-2.7698500000000044,-3.297029623135e-09,-3.297029623135e-09,-3.2962890869353602e-09,-3.297029623135e-09,-3.297029623135e-09,-3.297029623135e-09
-2.7598500000000046,-3.297029623135e-09,-3.297029623135e-09,-3.2959011685489587e-09,-3.297029623135e-09,-3.297029623135e-09,-3.297029623135e-09
-2.749850000000005,-3.297029623135e-09,-3.297029623135e-09,-3.2910323752826595e-09,-3.297029623135e-09,-3.297029623135e-09,-3.297029623135e-09
-2.739850000000005,-3.297029623135e-09,-3.297029623135e-09,-3.2856322926010674e-09,-3.297029623135e-09,-3.297029623135e-09,-3.297029623135e-09
-2.729850000000005,-3.297029623135e-09,-3.297029623135e-09,-3.2802322099194757e-09,-3.297029623135e-09,-3.297029623135e-09,-3.297029623135e-09
-2.7198500000000054,-3.297029623135e-09,-3.297029623135e-09,-3.2840974932454304e-09,-3.297029623135e-09,-3.297029623135e-09,-3.297029623135e-09
-2.7098500000000056,-3.297029623135e-09,-3.297029623135e-09,-3.289238213757868e-09,-3.297029623135e-09,-3.297029623135e-09,-3.297029623135e-09
-2.699850000000006,-3.297029623135e-09,-3.297029623135e-09,-3.2943789342703058e-09,-3.297029623135e-09,-3.297029623135e-09,-3.297029623135e-09
-2.689850000000006,-3.297029623135e-09,-3.297029623135e-09,-3.2736103197881342e-09,-3.297029623135e-09,-3.297029623135e-09,-3.297029623135e-09
-2.6798500000000063,-3.297029623135e-09,-3.297029623135e-09,-3.2487633840567915e-09,-3.297029623135e-09,-3.297029623135e-09,-3.297029623135e-09
-2.6698500000000065,-3.297029623135e-09,-3.297029623135e-09,-3.223916448325449e-09,-3.297029623135e-09,-3.297029623135e-09,-3.297029623135e-09
-2.6598500000000067,-3.297029623135e-09,-3.297029623135e-09,-3.191674319181695e-09,-3.297029623135e-09,-3.297029623135e-09,-3.297029623135e-09
-2.649850000000007,-3.297029623135e-09,-3.297029623135e-09,-3.1581169082884954e-09,-3.297029623135e-09,-3.297029623135e-09,-3.297029623135e-09
-2.639850000000007,-3.297029623135e-09,-3.297029623135e-09,-3.1245594973952956e-09,-3.297029623135e-09,-3.297029623135e-09,-3.297029623135e-09
-2.6298500000000073,-3.297029623135e-09,-3.297029623135e-09,-3.0868050201440996e-09,-3.297029623135e-09,-3.297029623135e-09,-3.297029623135e-09
-2.6198500000000076,-3.297029623135e-09,-3.297029623135e-09,-3.0482151555842328e-09,-3.297029623135e-09,-3.297029623135e-09,-3.297029623135e-09
-2.6098500000000078,-3.297029623135e-09,-3.297029623135e-09,-3.0096252910243664e-09,-3.297029623135e-09,-3.297029623135e-09,-3.297029623135e-09
-2.599850000000008,-3.297029623135e-09,-3.297029623135e-09,-2.9752714178096984e-09,-3.297029623135e-09,-3.297029623135e-09,-3.297029623135e-09
-2.589850000000008,-3.297029623135e-09,-3.297029623135e-09,-2.941853703854475e-09,-3.297029623135e-09,-3.297029623135e-09,-3.297029623135e-09
-2.5798500000000084,-3.297029623135e-09,-3.297029623135e-09,-2.908435989899252e-09,-3.297029623135e-09,-3.297029623135e-09,-3.297029623135e-09
-2.5698500000000086,-3.297029623135e-09,-3.297029623135e-09,-2.8781170498696255e-09,-3.297029623135e-09,-3.297029623135e-09,-3.297029623135e-09
-2.559850000000009,-3.297029623135e-09,-3.297029623135e-09,-2.848553532339278e-09,-3.297029623135e-09,-3.297029623135e-09,-3.297029623135e-09
-2.549850000000009,-3.297029623135e-09,-3.297029623135e-09,-2.8189900148089297e-09,-3.297029623135e-09,-3.297029623135e-09,-3.297029623135e-09
-2.5398500000000093,-3.297029623135e-09,-3.297029623135e-09,-2.801126056287683e-09,-3.297029623135e-09,-3.297029623135e-09,-3.297029623135e-09
-2.5298500000000095,-3.297029623135e-09,-3.297029623135e-09,-2.7863908771719288e-09,-3.297029623135e-09,-3.297029623135e-09,-3.297029623135e-09
-2.5198500000000097,-3.297029623135e-09,-3.297029623135e-09,-2.7716556980561746e-09,-3.297029623135e-09,-3.297029623135e-09,-3.297029623135e-09
-2.50985000000001,-3.297029623135e-09,-3.297029623135e-09,-2.7767562773309986e-09,-3.297029623135e-09,-3.297029623135e-09,-3.297029623135e-09
-2.49985000000001,-3.297029623135e-09,-3.297029623135e-09,-2.787648693035144e-09,-3.297029623135e-09,-3.297029623135e-09,-3.297029623135e-09
-2.4898500000000103,-3.297029623135e-09,-3.297029623135e-09,-2.7985411087392894e-09,-3.297029623135e-09,-3.297029623135e-09,-3.297029623135e-09
-2.4798500000000105,-3.296446658281161e-09,-3.297029623135e-09,-2.9004812058449404e-09,-3.297029623135e-09,-3.297029623135e-09,-3.297029623135e-09
-2.4698500000000108,-3.2956785886450083e-09,-3.297029623135e-09,-3.0313310410505762e-09,-3.297029623135e-09,-3.297029623135e-09,-3.297029623135e-09
-2.459850000000011,-3.2949105190088556e-09,-3.297029623135e-09,-3.1621808762562125e-09,-3.297029623135e-09,-3.297029623135e-09,-3.297029623135e-09
-2.449850000000011,-3.28698824755513e-09,-3.297029623135e-09,-3.180074879034548e-09,-3.297029623135e-09,-3.297029623135e-09,-3.297029623135e-09
-2.4398500000000114,-3.2766043152609345e-09,-3.297029623135e-09,-3.1591023588269195e-09,-3.297029623135e-09,-3.297029623135e-09,-3.297029623135e-09
-2.4298500000000116,-3.266220382966739e-09,-3.297029623135e-09,-3.1381298386192915e-09,-3.297029623135e-09,-3.297029623135e-09,-3.297029623135e-09
-2.419850000000012,-3.261877998657953e-09,-3.291250425245543e-09,-3.161925138319355e-09,-3.297029623135e-09,-3.296204419981671e-09,-3.297029623135e-09
-2.409850000000012,-3.2597815121599423e-09,-3.2833228561241908e-09,-3.2023625219632534e-09,-3.297029623135e-09,-3.2950724540648936e-09,-3.297029623135e-09
-2.3998500000000123,-3.2576850256619312e-09,-3.275395287002838e-09,-3.2427999056071517e-09,-3.297029623135e-09,-3.2939404881481165e-09,-3.297029623135e-09
-2.3898500000000125,-3.220547811041541e-09,-3.2676471082134542e-09,-3.2063745130925185e-09,-3.2887028838414756e-09,-3.294320550497358e-09,-3.297029623135e-09
-2.3798500000000127,-3.169305843305887e-09,-3.2599711384356765e-09,-3.139009966640115e-09,-3.2770244276093033e-09,-3.295309241335169e-09,-3.297029623135e-09
-2.369850000000013,-3.118063875570233e-09,-3.252295168657899e-09,-3.0716454201877118e-09,-3.265345971377131e-09,-3.29629793217298e-09,-3.297029623135e-09
-2.359850000000013,-3.123085308327935e-09,-3.2517432179445e-09,-2.9741074553662658e-09,-3.261739868030632e-09,-3.2965868126995223e-09,-3.2955576542795296e-09
-2.3498500000000133,-3.1524499315571213e-09,-3.254273579204533e-09,-2.863514515834926e-09,-3.2616263872793884e-09,-3.296572909968179e-09,-3.293448816377705e-09
-2.3398500000000135,-3.1818145547863077e-09,-3.256803940464566e-09,-2.7529215763035863e-09,-3.2615129065281445e-09,-3.296559007236836e-09,-3.291339978475881e-09
-2.3298500000000137,-3.158864228429904e-09,-3.202044197869086e-09,-2.7028935056016243e-09,-3.236380004697463e-09,-3.280682572118643e-09,-3.292111813147943e-09
-2.319850000000014,-3.11163302503289e-09,-3.1206944656362514e-09,-2.6809753374165502e-09,-3.1996348679001173e-09,-3.2574438781912805e-09,-3.294220651049767e-09
-2.309850000000014,-3.064401821635876e-09,-3.039344733403417e-09,-2.659057169231476e-09,-3.1628897311027714e-09,-3.2342051842639177e-09,-3.2963294889515915e-09
-2.2998500000000144,-3.0787047548033634e-09,-3.0127942176272263e-09,-2.6681411169052815e-09,-3.1099182538457908e-09,-3.227305623821853e-09,-3.296458572154476e-09
-2.2898500000000146,-3.1235905223114886e-09,-3.013479240569183e-09,-2.692633301802462e-09,-3.0488821882166043e-09,-3.2285267105611563e-09,-3.2956037054171624e-09
-2.279850000000015,-3.1684762898196143e-09,-3.01416426351114e-09,-2.717125486699642e-09,-2.987846122587418e-09,-3.2297477973004597e-09,-3.294748838679849e-09
-2.269850000000015,-3.1397823624064614e-09,-3.022582025967723e-09,-2.774561216266942e-09,-2.9235383200586003e-09,-3.1947641191062686e-09,-3.2920721538578807e-09
-2.2598500000000152,-3.0719886583656666e-09,-3.0351089164665624e-09,-2.849502933584022e-09,-2.857491937584638e-09,-3.1405414616900176e-09,-3.2884273666233868e-09
-2.2498500000000154,-3.0041949543248717e-09,-3.0476358069654013e-09,-2.924444650901102e-09,-2.7914455551106756e-09,-3.086318804273766e-09,-3.2847825793888924e-09
-2.2398500000000157,-2.946316060528981e-09,-3.020111037710533e-09,-2.8962645633332175e-09,-2.764185575140228e-09,-3.098184934029562e-09,-3.2586627426424216e-09
-2.229850000000016,-2.8940628114175396e-09,-2.9698610320435366e-09,-2.8095733576327227e-09,-2.7589329269979396e-09,-3.147549717322098e-09,-3.21979060507559e-09
-2.219850000000016,-2.8418095623060987e-09,-2.9196110263765397e-09,-2.722882151932228e-09,-2.753680278855651e-09,-3.1969145006146333e-09,-3.180918467508759e-09
-2.2098500000000163,-2.7670992194273966e-09,-2.8482364995365892e-09,-2.6555561677108616e-09,-2.7354315113585815e-09,-3.2231486667089106e-09,-3.1561661308506115e-09
-2.1998500000000165,-2.678799270849952e-09,-2.764078755229128e-09,-2.59994878460937e-09,-2.709318318505514e-09,-3.235385653535444e-09,-3.1399582001998657e-09
-2.1898500000000167,-2.590499322272507e-09,-2.6799210109216667e-09,-2.5443414015078787e-09,-2.6832051256524465e-09,-3.247622640361978e-09,-3.12375026954912e-09
-2.179850000000017,-2.5066404070420645e-09,-2.5971791746422957e-09,-2.504750717135587e-09,-2.700205718132358e-09,-3.229295675431723e-09,-3.0825177598488383e-09
-2.169850000000017,-2.4256447896274725e-09,-2.5153502264336736e-09,-2.4754865885229834e-09,-2.7450033564192563e-09,-3.1912630047633987e-09,-3.0251509820770318e-09
-2.1598500000000174,-2.34464917221288e-09,-2.4335212782250516e-09,-2.4462224599103804e-09,-2.7898009947061544e-09,-3.1532303340950746e-09,-2.9677842043052252e-09
-2.1498500000000176,-2.339490206573348e-09,-2.397708482175103e-09,-2.3022694078308514e-09,-2.756318348200486e-09,-3.0869494919393133e-09,-2.9342756034872187e-09
-2.139850000000018,-2.386381017110329e-09,-2.393478441485551e-09,-2.0796006865247195e-09,-2.6691087608671545e-09,-3.0012807816630296e-09,-2.917141839128347e-09
-2.129850000000018,-2.4332718276473096e-09,-2.389248400795999e-09,-1.8569319652185875e-09,-2.5818991735338225e-09,-2.915612071386746e-09,-2.9000080747694747e-09
-2.119850000000018,-2.383525974146243e-09,-2.3631229478919973e-09,-1.7215913695736413e-09,-2.5172985182865942e-09,-2.821468580247394e-09,-2.850290916362089e-09
-2.1098500000000184,-2.2632253244092653e-09,-2.3210115711911692e-09,-1.6500093708651861e-09,-2.469204730410311e-09,-2.7211376193429197e-09,-2.7767844979398692e-09
-2.0998500000000186,-2.1429246746722873e-09,-2.2789001944903416e-09,-1.5784273721567307e-09,-2.421110942534027e-09,-2.6208066584384453e-09,-2.7032780795176494e-09
-2.089850000000019,-2.082613243484103e-09,-2.246969142725406e-09,-1.5422832983337578e-09,-2.38872052583584e-09,-2.583663209361243e-09,-2.648134025374806e-09
-2.079850000000019,-2.0688653798021796e-09,-2.2229400483264012e-09,-1.5336461040402255e-09,-2.368519049110799e-09,-2.595565839624593e-09,-2.607242818816598e-09
-2.0698500000000193,-2.055117516120256e-09,-2.1989109539273966e-09,-1.5250089097466935e-09,-2.348317572385758e-09,-2.6074684698879426e-09,-2.56635161225839e-09
-2.0598500000000195,-2.0193071952937374e-09,-2.1815718471413516e-09,-1.5255127590893899e-09,-2.3181259231281797e-09,-2.6099577136394374e-09,-2.536709777300984e-09
-2.0498500000000197,-1.9652993733186144e-09,-2.1697507593353814e-09,-1.5335563013583783e-09,-2.2796942045553776e-09,-2.604682631289852e-09,-2.5163466211092762e-09
-2.03985000000002,-1.911291551343491e-09,-2.1579296715294117e-09,-1.5415998436273665e-09,-2.2412624859825756e-09,-2.599407548940267e-09,-2.4959834649175685e-09
-2.02985000000002,-1.8772853506844345e-09,-2.1409635319607004e-09,-1.5539270457250865e-09,-2.197597846865679e-09,-2.5449687010012324e-09,-2.4885190376037974e-09
-2.0198500000000204,-1.8608040227358444e-09,-2.1194894389713145e-09,-1.570007473226247e-09,-2.149348266108798e-09,-2.4474539083521463e-09,-2.492356123209436e-09
-2.0098500000000206,-1.8443226947872543e-09,-2.0980153459819283e-09,-1.5860879007274075e-09,-2.101098685351916e-09,-2.3499391157030602e-09,-2.4961932088150744e-09
-1.9998500000000208,-1.836186721745416e-09,-2.0788807351600907e-09,-1.5402280293460054e-09,-2.0445776599658824e-09,-2.3113680195997665e-09,-2.47762138499393e-09
-1.989850000000021,-1.8358161175550976e-09,-2.0619230170115504e-09,-1.4367325902780376e-09,-1.9803600393843193e-09,-2.327644146923705e-09,-2.438198027690549e-09
-1.9798500000000212,-1.8354455133647794e-09,-2.0449652988630096e-09,-1.3332371512100694e-09,-1.916142418802756e-09,-2.3439202742476437e-09,-2.398774670387168e-09
-1.9698500000000214,-1.8410374717137604e-09,-2.025341498946717e-09,-1.299641564013218e-09,-1.8789375986299567e-09,-2.352404428311212e-09,-2.3738880732415623e-09
-1.9598500000000216,-1.8525444821436108e-09,-2.0030728609420736e-09,-1.3353888577568326e-09,-1.86853033742863e-09,-2.3531586965506814e-09,-2.3634224054956255e-09
-1.9498500000000218,-1.8640514925734613e-09,-1.9808042229374307e-09,-1.3711361515004472e-09,-1.8581230762273033e-09,-2.3539129647901506e-09,-2.3529567377496883e-09
-1.939850000000022,-1.8456269033794394e-09,-1.9186303687281182e-09,-1.4030537460033104e-09,-1.851973085685801e-09,-2.339913937189578e-09,-2.291460778006907e-09
-1.9298500000000223,-1.7956727236162562e-09,-1.8144208350256324e-09,-1.4309371809363115e-09,-1.8503076533547895e-09,-2.3103739634575715e-09,-2.176210116427141e-09
-1.9198500000000225,-1.7457185438530732e-09,-1.7102113013231468e-09,-1.4588206158693127e-09,-1.8486422210237778e-09,-2.2808339897255655e-09,-2.0609594548473753e-09
-1.9098500000000227,-1.7161981300611887e-09,-1.5714253260994605e-09,-1.4049294540668038e-09,-1.8011782380258652e-09,-2.247769879673741e-09,-1.997799879352362e-09
-1.899850000000023,-1.7095358273560478e-09,-1.393960619682218e-09,-1.2595616247288306e-09,-1.7024819780102791e-09,-2.2107635154336093e-09,-1.992911688291666e-09
-1.8898500000000231,-1.7028735246509068e-09,-1.2164959132649754e-09,-1.1141937953908576e-09,-1.6037857179946928e-09,-2.1737571511934774e-09,-1.9880234972309693e-09
-1.8798500000000233,-1.6997493528825646e-09,-1.1148238579311618e-09,-1.0635609887698621e-09,-1.5472013649677652e-09,-2.127820832592658e-09,-1.9699741274670447e-09
-1.8698500000000235,-1.7008291310019675e-09,-1.103207403338459e-09,-1.1254908021396787e-09,-1.5406536979256426e-09,-2.071274086819193e-09,-1.936286858280976e-09
-1.8598500000000238,-1.7019089091213705e-09,-1.091590948745756e-09,-1.187420615509495e-09,-1.53410603088352e-09,-2.0147273410457282e-09,-1.9025995890949065e-09
-1.849850000000024,-1.6669842469218292e-09,-1.0891686363377641e-09,-1.2609669224739053e-09,-1.5303038635856325e-09,-1.9826566848801555e-09,-1.877678432696878e-09
-1.8398500000000242,-1.5866060152694267e-09,-1.0983534084074157e-09,-1.3491783955601385e-09,-1.5299677344264286e-09,-1.9814857074506365e-09,-1.8638239978729976e-09
-1.8298500000000244,-1.506227783617024e-09,-1.1075381804770672e-09,-1.4373898686463718e-09,-1.5296316052672247e-09,-1.980314730021117e-09,-1.8499695630491173e-09
-1.8198500000000246,-1.4364713639082757e-09,-1.0820545122539638e-09,-1.4570351882878553e-09,-1.5178966126495343e-09,-1.9657849315915522e-09,-1.8381635911249334e-09
-1.8098500000000248,-1.380968570063169e-09,-1.0100485576422239e-09,-1.384670189605601e-09,-1.4908652529082413e-09,-1.9333286590797783e-09,-1.8291064933027113e-09
-1.799850000000025,-1.3254657762180622e-09,-9.38042603030484e-10,-1.312305190923347e-09,-1.4638338931669483e-09,-1.9008723865680044e-09,-1.8200493954804892e-09
-1.7898500000000253,-1.2835048381729975e-09,-8.886534997209592e-10,-1.2453647921954293e-09,-1.4313024741083158e-09,-1.8625351464477545e-09,-1.8172596180453678e-09
-1.7798500000000255,-1.2608706263670278e-09,-8.715428152605616e-10,-1.1861662982567908e-09,-1.3909214558297097e-09,-1.8158046807114374e-09,-1.823414462910376e-09
-1.7698500000000257,-1.2382364145610582e-09,-8.54432130800164e-10,-1.1269678043181523e-09,-1.3505404375511037e-09,-1.76907421497512e-09,-1.8295693077753841e-09
-1.759850000000026,-1.216094351833571e-09,-8.369141183234349e-10,-1.0835634444832045e-09,-1.3049304218374024e-09,-1.729501364548092e-09,-1.8278515286050578e-09
-1.749850000000026,-1.1946998102504868e-09,-8.18777418708543e-10,-1.0641486636523592e-09,-1.2513781253846672e-09,-1.70080015651791e-09,-1.81417608622728e-09
-1.7398500000000263,-1.1733052686674025e-09,-8.006407190936511e-10,-1.0447338828215138e-09,-1.1978258289319318e-09,-1.6720989484877283e-09,-1.8005006438495026e-09
-1.7298500000000265,-1.1557662610585258e-09,-7.856674911561189e-10,-1.0158097755166148e-09,-1.1517866733760687e-09,-1.6519956079805872e-09,-1.7747839338297177e-09
-1.7198500000000267,-1.1444647403504001e-09,-7.758121310108123e-10,-9.715014698844103e-10,-1.1179022850304642e-09,-1.6458019065553801e-09,-1.7295868484098183e-09
-1.709850000000027,-1.1331632196422743e-09,-7.659567708655058e-10,-9.271931642522059e-10,-1.0840178966848598e-09,-1.639608205130173e-09,-1.6843897629899192e-09
-1.6998500000000272,-1.1049917394934501e-09,-7.471301185056343e-10,-8.87311497839142e-10,-1.0572786735959352e-09,-1.6178837229708566e-09,-1.6563520449396922e-09
-1.6898500000000274,-1.047723026848476e-09,-7.128298204458008e-10,-8.550648794526418e-10,-1.042863400391292e-09,-1.5693718179101608e-09,-1.6579107289197917e-09
-1.6798500000000276,-9.90454314203502e-10,-6.785295223859672e-10,-8.228182610661416e-10,-1.0284481271866488e-09,-1.5208599128494652e-09,-1.6594694128998912e-09
-1.6698500000000278,-9.531310554381895e-10,-6.573183044359426e-10,-8.033891247664326e-10,-1.0237718364175796e-09,-1.4839565318422236e-09,-1.6555359000639016e-09
-1.659850000000028,-9.525255640427002e-10,-6.602028930519956e-10,-8.075558077631489e-10,-1.037024126950581e-09,-1.468423388297282e-09,-1.641491752179988e-09
-1.6498500000000282,-9.51920072647211e-10,-6.630874816680487e-10,-8.117224907598653e-10,-1.0502764174835824e-09,-1.4528902447523406e-09,-1.6274476042960744e-09
-1.6398500000000285,-9.50699468025004e-10,-6.601366414258347e-10,-7.986850701723421e-10,-1.053597461396252e-09,-1.4372828023149734e-09,-1.6056780564383874e-09
-1.6298500000000287,-9.4826871482915e-10,-6.457054174059344e-10,-7.518010006931389e-10,-1.0373801773879603e-09,-1.4215291872791528e-09,-1.5687098730237944e-09
-1.6198500000000289,-9.458379616332962e-10,-6.312741933860341e-10,-7.049169312139358e-10,-1.0211628933796688e-09,-1.405775572243332e-09,-1.5317416896092014e-09
-1.609850000000029,-9.579700733310218e-10,-6.174087867742621e-10,-6.807300574070401e-10,-1.004461067284727e-09,-1.3915280755929202e-09,-1.484769842691448e-09
-1.5998500000000293,-1.0007656086249532e-09,-6.047347596740303e-10,-7.043341732461975e-10,-9.867389941874462e-10,-1.3804518468472308e-09,-1.4167343813164493e-09
-1.5898500000000295,-1.0435611439188848e-09,-5.920607325737984e-10,-7.279382890853549e-10,-9.690169210901655e-10,-1.3693756181015413e-09,-1.3486989199414508e-09
-1.5798500000000297,-1.0549228821506437e-09,-5.779147596692525e-10,-7.42201667328854e-10,-9.451717333717009e-10,-1.354589698812618e-09,-1.3030443026974507e-09
-1.56985000000003,-9.949935904430168e-10,-5.60430452162719e-10,-7.352804969073947e-10,-9.074394817736255e-10,-1.3313902983568973e-09,-1.3081488548231552e-09
-1.5598500000000302,-9.350642987353897e-10,-5.429461446561854e-10,-7.283593264859356e-10,-8.697072301755501e-10,-1.3081908979011765e-09,-1.3132534069488598e-09
-1.5498500000000304,-8.820825187482233e-10,-5.243673969807702e-10,-7.261343619109561e-10,-8.415378682509347e-10,-1.2830515238058292e-09,-1.299494306580316e-09
-1.5398500000000306,-8.46027837764078e-10,-5.031221266945351e-10,-7.353513559105579e-10,-8.366677804795252e-10,-1.2531855472688479e-09,-1.239775310615143e-09
-1.5298500000000308,-8.099731567799328e-10,-4.818768564083e-10,-7.445683499101597e-10,-8.317976927081156e-10,-1.2233195707318667e-09,-1.18005631464997e-09
-1.519850000000031,-7.896831758374432e-10,-4.632206273227972e-10,-7.523442272937681e-10,-8.246522255536232e-10,-1.1961334198806226e-09,-1.1244970208503704e-09
-1.5098500000000312,-8.107469732657346e-10,-4.5135594109729167e-10,-7.563397842788427e-10,-8.115380095825455e-10,-1.1759769566978702e-09,-1.0798494095432404e-09
-1.4998500000000314,-8.31810770694026e-10,-4.394912548717862e-10,-7.603353412639172e-10,-7.984237936114679e-10,-1.1558204935151178e-09,-1.0352017982361106e-09
-1.4898500000000316,-8.299826222572348e-10,-4.285811968583374e-10,-7.64116625881169e-10,-7.845900474450226e-10,-1.1336480189002497e-09,-9.988944706809249e-10
-1.4798500000000319,-7.633378148374019e-10,-4.203740899894155e-10,-7.672912159397096e-10,-7.687190108020047e-10,-1.105767373985159e-09,-9.862019695348886e-10
-1.469850000000032,-6.96693007417569e-10,-4.1216698312049355e-10,-7.704658059982502e-10,-7.528479741589867e-10,-1.0778867290700683e-09,-9.735094683888521e-10
-1.4598500000000323,-6.443403867226072e-10,-4.041953010134999e-10,-7.538445402357227e-10,-7.383886254951557e-10,-1.049970393871972e-09,-9.606031412208275e-10
-1.4498500000000325,-6.357938993233369e-10,-3.9694520537194114e-10,-6.765481716709812e-10,-7.282561578732986e-10,-1.0219446665056375e-09,-9.470414286032822e-10
-1.4398500000000327,-6.272474119240668e-10,-3.8969510973038243e-10,-5.992518031062396e-10,-7.181236902514414e-10,-9.939189391393031e-10,-9.334797159857367e-10
-1.429850000000033,-6.19699441272369e-10,-3.832479137606307e-10,-5.428898999686138e-10,-7.086033295798409e-10,-9.606521238604086e-10,-9.232915783975989e-10
-1.4198500000000331,-6.154755371959844e-10,-3.7947357427412997e-10,-5.562189228645339e-10,-7.011206755954962e-10,-9.099377042315873e-10,-9.243340866867862e-10
-1.4098500000000334,-6.112516331195998e-10,-3.7569923478762925e-10,-5.695479457604539e-10,-6.936380216111513e-10,-8.592232846027661e-10,-9.253765949759736e-10
-1.3998500000000336,-6.054298658238871e-10,-3.6902824750224576e-10,-5.7640944219652e-10,-6.836148838747768e-10,-8.143395342787877e-10,-9.203085775580704e-10
-1.3898500000000338,-5.938084468430913e-10,-3.5184350153922784e-10,-5.597962129630211e-10,-6.643707310382597e-10,-7.906189540246588e-10,-8.930616149806579e-10
-1.379850000000034,-5.821870278622955e-10,-3.3465875557620993e-10,-5.431829837295223e-10,-6.451265782017427e-10,-7.668983737705299e-10,-8.658146524032454e-10
-1.3698500000000342,-5.688274213829291e-10,-3.1841637116002934e-10,-5.217654811242317e-10,-6.22921979019036e-10,-7.448010268285534e-10,-8.408167487002748e-10
-1.3598500000000344,-5.485583034041237e-10,-3.0591999110175435e-10,-4.812503943192243e-10,-5.889492373952558e-10,-7.291562341972105e-10,-8.247591337570912e-10
-1.3498500000000346,-5.282891854253182e-10,-2.9342361104347936e-10,-4.4073530751421707e-10,-5.549764957714755e-10,-7.135114415658676e-10,-8.087015188139074e-10
-1.3398500000000348,-5.063019984716653e-10,-2.8287747636831486e-10,-4.074619288321263e-10,-5.261787785694993e-10,-7.012409885886849e-10,-7.954120090140921e-10
-1.329850000000035,-4.767959505203889e-10,-2.8086628654201307e-10,-4.058807566671844e-10,-5.200287488914231e-10,-7.037378070015539e-10,-7.942366797882215e-10
-1.3198500000000353,-4.4728990256911254e-10,-2.788550967157113e-10,-4.0429958450224247e-10,-5.138787192133469e-10,-7.062346254144228e-10,-7.930613505623508e-10
-1.3098500000000355,-4.2323214067550926e-10,-2.7743373503404865e-10,-4.026365998068586e-10,-5.05215560907775e-10,-7.028344140208737e-10,-7.900149064202441e-10
-1.2998500000000357,-4.255874146995888e-10,-2.7887183260336866e-10,-4.005769917913695e-10,-4.843688725890691e-10,-6.708456780095312e-10,-7.778973847015379e-10
-1.289850000000036,-4.2794268872366834e-10,-2.803099301726887e-10,-3.985173837758803e-10,-4.635221842703632e-10,-6.388569419981887e-10,-7.657798629828318e-10
-1.2798500000000361,-4.287430734015185e-10,-2.8037346720487884e-10,-3.9481976839067353e-10,-4.45797867451141e-10,-6.086402218966936e-10,-7.498280460488326e-10
-1.2698500000000363,-4.211311080264606e-10,-2.7300027927957216e-10,-3.822601131331613e-10,-4.4496638105266676e-10,-5.880105622307901e-10,-7.131317088469096e-10
-1.2598500000000366,-4.135191426514027e-10,-2.656270913542655e-10,-3.697004578756491e-10,-4.441348946541925e-10,-5.673809025648867e-10,-6.764353716449866e-10
-1.2498500000000368,-4.058645463524044e-10,-2.573696960131925e-10,-3.584040703133776e-10,-4.43376646968903e-10,-5.483831639582554e-10,-6.439567991746413e-10
-1.239850000000037,-3.979502339990381e-10,-2.437255335078197e-10,-3.548037604124158e-10,-4.4306458406820645e-10,-5.393274125144414e-10,-6.371736870201472e-10
-1.2298500000000372,-3.900359216456718e-10,-2.3008137100244695e-10,-3.512034505114541e-10,-4.427525211675099e-10,-5.302716610706273e-10,-6.303905748656532e-10
-1.2198500000000374,-3.807846719631897e-10,-2.1767556543124137e-10,-3.563248594678524e-10,-4.426413524177068e-10,-5.235238207928252e-10,-6.237092650733268e-10
-1.2098500000000376,-3.6225974588636647e-10,-2.1385963256240854e-10,-4.219445405003776e-10,-4.439236875400211e-10,-5.327848246353649e-10,-6.177341081741559e-10
-1.1998500000000378,-3.437348198095432e-10,-2.1004369969357572e-10,-4.875642215329028e-10,-4.452060226623354e-10,-5.420458284779045e-10,-6.117589512749849e-10
-1.189850000000038,-3.277836841420138e-10,-2.0602124077283743e-10,-5.372873852451046e-10,-4.4530200681535626e-10,-5.504927914440908e-10,-6.044422492621731e-10
-1.1798500000000383,-3.3265685269594405e-10,-2.0032779834116258e-10,-4.5839327245150737e-10,-4.3579933312553886e-10,-5.523534236831621e-10,-5.862712276931188e-10
-1.1698500000000385,-3.375300212498743e-10,-1.946343559094877e-10,-3.794991596579101e-10,-4.2629665943572145e-10,-5.542140559222333e-10,-5.681002061240644e-10
-1.1598500000000387,-3.4035593410445186e-10,-1.8933564795534027e-10,-3.077078913796325e-10,-4.1660044310768006e-10,-5.566910121380799e-10,-5.508947068972809e-10
-1.149850000000039,-3.2367904266431957e-10,-1.877973052872806e-10,-3.035805629608598e-10,-4.0506047848910654e-10,-5.650392651855756e-10,-5.428870784051749e-10
-1.139850000000039,-3.0700215122418733e-10,-1.8625896261922096e-10,-2.9945323454208716e-10,-3.935205138705331e-10,-5.733875182330711e-10,-5.34879449913069e-10
-1.1298500000000393,-2.9073805347773424e-10,-1.8467138108225493e-10,-2.9422783131294333e-10,-3.816281106645434e-10,-5.791995787154671e-10,-5.265084798576323e-10
-1.1198500000000395,-2.7922108320884556e-10,-1.825175525528354e-10,-2.7637456776385575e-10,-3.6568266370305117e-10,-5.558454246976566e-10,-5.139590818236691e-10
-1.1098500000000397,-2.677041129399569e-10,-1.8036372402341587e-10,-2.5852130421476817e-10,-3.497372167415589e-10,-5.324912706798461e-10,-5.014096837897057e-10
-1.09985000000004,-2.5678795854875965e-10,-1.7815101078412682e-10,-2.413833792842728e-10,-3.345808232903172e-10,-5.095262563875764e-10,-4.896312474444679e-10
-1.0898500000000402,-2.545143094756917e-10,-1.7509126364127448e-10,-2.3453532525266434e-10,-3.307746611026556e-10,-4.921588673784559e-10,-4.889427984685475e-10
-1.0798500000000404,-2.522406604026238e-10,-1.7203151649842215e-10,-2.2768727122105588e-10,-3.26968498914994e-10,-4.747914783693353e-10,-4.882543494926271e-10
-1.0698500000000406,-2.49901573064533e-10,-1.6894210472981436e-10,-2.2081822595946902e-10,-3.231042409091149e-10,-4.575842964929943e-10,-4.86775438836796e-10
-1.0598500000000408,-2.4631915869090124e-10,-1.6528906507180447e-10,-2.1355034732825856e-10,-3.1813616235700887e-10,-4.4342105013972753e-10,-4.702777562613734e-10
-1.049850000000041,-2.4273674431726943e-10,-1.616360254137946e-10,-2.0628246869704808e-10,-3.131680838049028e-10,-4.292578037864608e-10,-4.5378007368595084e-10
-1.0398500000000412,-2.3921018568923423e-10,-1.577713059067078e-10,-1.9943690526414457e-10,-3.079750174900415e-10,-4.1574005696781867e-10,-4.3736409741201066e-10
-1.0298500000000415,-2.372236497614068e-10,-1.4807027056007456e-10,-2.0423517515741143e-10,-2.9657871714417115e-10,-4.20019654463142e-10,-4.232008805935035e-10
-1.0198500000000417,-2.352371138335793e-10,-1.383692352134413e-10,-2.0903344505067832e-10,-2.8518241679830083e-10,-4.242992519584652e-10,-4.0903766377499644e-10
-1.0098500000000419,-2.3304873472030696e-10,-1.2873176391613468e-10,-2.135281591175771e-10,-2.738730966793064e-10,-4.282953141715668e-10,-3.949535386487613e-10
-0.9998500000000421,-2.209700395181181e-10,-1.2220893103649965e-10,-2.0314863768925223e-10,-2.6682580767814563e-10,-4.183981475528273e-10,-3.8474490644468184e-10
-0.9898500000000423,-2.0889134431592927e-10,-1.156860981568646e-10,-1.9276911626092738e-10,-2.597785186769849e-10,-4.0850098093408787e-10,-3.7453627424060243e-10
-0.9798500000000425,-1.9685474057331513e-10,-1.0919138789877307e-10,-1.824119831322834e-10,-2.5271894279223627e-10,-3.9858408015340913e-10,-3.6435621111247783e-10
-0.9698500000000427,-1.93194337293225e-10,-1.0829307933262271e-10,-1.7651012164394153e-10,-2.4321427707139803e-10,-3.8474008114345953e-10,-3.598613941042195e-10
-0.959850000000043,-1.8953393401313488e-10,-1.0739477076647236e-10,-1.7060826015559965e-10,-2.337096113505598e-10,-3.7089608213350993e-10,-3.553665770959612e-10
-0.9498500000000432,-1.8587353073304473e-10,-1.06496462200322e-10,-1.6470639866725777e-10,-2.2420494562972153e-10,-3.570520831235603e-10,-3.5087176008770284e-10
-0.9398500000000434,-1.8471680255954877e-10,-1.0313999064598026e-10,-1.5888458550026446e-10,-2.2111503281488936e-10,-3.3755415595594165e-10,-3.4543582297977287e-10
-0.9298500000000436,-1.8358561951039618e-10,-9.975843832975201e-11,-1.5306358907036175e-10,-2.1809057004993966e-10,-3.1799854147201117e-10,-3.3999028357564044e-10
-0.9198500000000438,-1.824544364612436e-10,-9.637688601352376e-11,-1.4724259264045904e-10,-2.1506610728498998e-10,-2.9844292698808063e-10,-3.34544744171508e-10
-0.909850000000044,-1.7499125939714334e-10,-9.130861838160776e-11,-1.437247234471588e-10,-2.1327426683508466e-10,-2.8570405343427994e-10,-3.2015270772741536e-10
-0.8998500000000442,-1.673643910638544e-10,-8.619674670171999e-11,-1.4026639344792172e-10,-2.1151429146760104e-10,-2.731414025635628e-10,-3.0552939130235514e-10
-0.8898500000000444,-1.5973752273056546e-10,-8.10848750218322e-11,-1.3680806344868462e-10,-2.0975431610011743e-10,-2.605787516928457e-10,-2.9090607487729496e-10
-0.8798500000000447,-1.5550242368506542e-10,-8.03154717911912e-11,-1.3539125591474734e-10,-2.0252413333833963e-10,-2.5638463936993786e-10,-2.8602379686032357e-10
-0.8698500000000449,-1.514097527966078e-10,-7.972841875178161e-11,-1.3406017658270756e-10,-1.9506424404533812e-10,-2.525419411384288e-10,-2.815505673458958e-10
-0.8598500000000451,-1.4731708190815015e-10,-7.9141365712372e-11,-1.3272909725066778e-10,-1.8760435475233664e-10,-2.486992429069198e-10,-2.7707733783146804e-10
-0.8498500000000453,-1.393125537689796e-10,-7.674116450114426e-11,-1.466854481849365e-10,-1.802580457664734e-10,-2.484157400198308e-10,-2.706715895128591e-10
-0.8398500000000455,-1.3107903684396898e-10,-7.423482685093038e-11,-1.6153668097990156e-10,-1.7291838544260367e-10,-2.4834058211269667e-10,-2.641527171444137e-10
-0.8298500000000457,-1.2284551991895837e-10,-7.172848920071651e-11,-1.7638791377486664e-10,-1.6557872511873396e-10,-2.482654242055626e-10,-2.5763384477596835e-10
-0.8198500000000459,-1.2563699758066526e-10,-7.064724066277644e-11,-1.709533029675687e-10,-1.5867060638744365e-10,-2.4077726251063224e-10,-2.494665499356722e-10
-0.8098500000000461,-1.2926341459151057e-10,-6.967391625727084e-11,-1.6398241484777182e-10,-1.517951689471599e-10,-2.3272770293844575e-10,-2.4117441759319615e-10
-0.7998500000000464,-1.328898316023559e-10,-6.870059185176524e-11,-1.5701152672797495e-10,-1.4491973150687615e-10,-2.2467814336625925e-10,-2.328822852507201e-10
-0.7898500000000466,-1.3674282049934113e-10,-6.259430039783059e-11,-1.5351600204215262e-10,-1.4371056424863824e-10,-2.1871388902722657e-10,-2.2417598588562606e-10
-0.7798500000000468,-1.4061699244309085e-10,-5.6008108798825736e-11,-1.5034540198576983e-10,-1.4303115762527584e-10,-2.1294459761596338e-10,-2.1543096450802684e-10
-0.769850000000047,-1.4449116438684054e-10,-4.9421917199820874e-11,-1.4717480192938702e-10,-1.4235175100191344e-10,-2.071753062047002e-10,-2.0668594313042762e-10
-0.7598500000000472,-1.3887786760233098e-10,-4.747397334065491e-11,-1.4209499634666432e-10,-1.413925876694856e-10,-1.9713580963435e-10,-2.0159451056679755e-10
-0.7498500000000474,-1.3220337518282864e-10,-4.604482837258529e-11,-1.368016416467971e-10,-1.4040213289283553e-10,-1.8661868059899368e-10,-1.969117404833814e-10
-0.7398500000000476,-1.255288827633263e-10,-4.461568340451567e-11,-1.315082869469299e-10,-1.3941167811618546e-10,-1.7610155156363737e-10,-1.9222897039996525e-10
-0.7298500000000478,-1.2100907987242992e-10,-4.2732437786065e-11,-1.2453769013615436e-10,-1.3254791352551555e-10,-1.7706743913010638e-10,-1.8407045744727622e-10
-0.7198500000000481,-1.1677091663499178e-10,-4.078983663257759e-11,-1.1734786086491971e-10,-1.2491644810430247e-10,-1.7953427278345115e-10,-1.7545762984543897e-10
-0.7098500000000483,-1.1253275339755362e-10,-3.8847235479090183e-11,-1.1015803159368507e-10,-1.172849826830894e-10,-1.8200110643679592e-10,-1.668448022436017e-10
-0.6998500000000485,-1.0779480766448438e-10,-3.928666096002104e-11,-1.075944390192902e-10,-1.1134878450857304e-10,-1.7193034189052784e-10,-1.692724549848671e-10
-0.6898500000000487,-1.0298171920487452e-10,-4.008422618687585e-11,-1.0572640509703227e-10,-1.056674712174717e-10,-1.599745387100034e-10,-1.733600534076059e-10
-0.6798500000000489,-9.816863074526468e-11,-4.088179141373067e-11,-1.0385837117477436e-10,-9.998615792637038e-11,-1.4801873552947898e-10,-1.7744765183034467e-10
-0.6698500000000491,-9.711336747867695e-11,-3.9486891381341493e-11,-1.0211250010789036e-10,-9.682765576879535e-11,-1.4025676600669584e-10,-1.6932765567968784e-10
-0.6598500000000493,-9.66995124457162e-11,-3.7717768175444547e-11,-1.003874805328282e-10,-9.409976220789858e-11,-1.332106252679477e-10,-1.591239937729188e-10
-0.6498500000000496,-9.628565741275544e-11,-3.59486449695476e-11,-9.866246095776606e-11,-9.137186864700184e-11,-1.2616448452919956e-10,-1.4892033186614977e-10
-0.6398500000000498,-9.205380675612584e-11,-3.481216707302897e-11,-9.486047828376525e-11,-8.664259203292704e-11,-1.2310755580713445e-10,-1.4257333350938168e-10
-0.62985000000005,-8.708984372210273e-11,-3.379700085602733e-11,-9.066023156181841e-11,-8.15295440766187e-11,-1.2081557073124727e-10,-1.3696586222354434e-10
-0.6198500000000502,-8.212588068807962e-11,-3.278183463902569e-11,-8.645998483987157e-11,-7.641649612031034e-11,-1.1852358565536007e-10,-1.3135839093770697e-10
-0.6098500000000504,-8.183662210121692e-11,-3.1549480767344016e-11,-8.583215392509258e-11,-7.452827084158574e-11,-1.1634604509640556e-10,-1.2650898987892569e-10
-0.5998500000000506,-8.254515566613681e-11,-3.027076928316441e-11,-8.59668371960952e-11,-7.33283677434298e-11,-1.1419293214396622e-10,-1.2182139509722697e-10
-0.5898500000000508,-8.32536892310567e-11,-2.8992057798984807e-11,-8.610152046709782e-11,-7.212846464527388e-11,-1.1203981919152687e-10,-1.1713380031552829e-10
-0.579850000000051,-8.08692484967548e-11,-2.799784824951983e-11,-7.91099157512173e-11,-6.964972693654974e-11,-1.1045381927858346e-10,-1.1332667523198886e-10
-0.5698500000000513,-7.775457526409593e-11,-2.7070807883654705e-11,-7.043583760450926e-11,-6.686906412198314e-11,-1.09001711319345e-10,-1.0972742371130969e-10
-0.5598500000000515,-7.463990203143705e-11,-2.6143767517789582e-11,-6.176175945780124e-11,-6.408840130741651e-11,-1.0754960336010653e-10,-1.0612817219063052e-10
-0.5498500000000517,-7.093795318151839e-11,-2.6051451032975087e-11,-5.481450763081411e-11,-6.678583718764872e-11,-1.0274157339932648e-10,-1.0588632508030816e-10
-0.5398500000000519,-6.708354494789769e-11,-2.6175832610750283e-11,-4.8315547659861364e-11,-7.090541205394163e-11,-9.706233103832031e-11,-1.0651607521018776e-10
-0.5298500000000521,-6.322913671427699e-11,-2.630021418852548e-11,-4.1816587688908615e-11,-7.502498692023454e-11,-9.138308867731415e-11,-1.0714582534006735e-10
-0.5198500000000523,-6.150471201560527e-11,-2.4803607756954506e-11,-3.9162118492085783e-11,-7.450296556159762e-11,-8.835370679569975e-11,-1.0605425250232575e-10
-0.5098500000000525,-6.038525952795686e-11,-2.284659743776384e-11,-3.759958735286857e-11,-7.266260690842353e-11,-8.607695606208124e-11,-1.0447377796909197e-10
-0.49985000000005275,-5.926580704030846e-11,-2.0889587118573173e-11,-3.603705621365136e-11,-7.082224825524944e-11,-8.380020532846271e-11,-1.0289330343585817e-10
-0.48985000000005297,-6.202750561857721e-11,-1.9915636812876445e-11,-3.4007223046674985e-11,-6.77307779331494e-11,-8.055330539314673e-11,-9.699983337955693e-11
-0.4798500000000532,-6.598942399495602e-11,-1.9245691187978447e-11,-3.18328798784418e-11,-6.42524097631717e-11,-7.700639335852772e-11,-8.977259853852361e-11
-0.4698500000000534,-6.995134237133483e-11,-1.8575745563080446e-11,-2.965853671020862e-11,-6.077404159319399e-11,-7.345948132390872e-11,-8.25453636974903e-11
-0.4598500000000536,-6.504164581392414e-11,-1.7929038456370614e-11,-2.967547010054041e-11,-5.807494208509381e-11,-6.899727590267048e-11,-7.791529355589035e-11
-0.4498500000000538,-5.715420538991183e-11,-1.7290131322441404e-11,-3.042790208735012e-11,-5.5637402901202783e-11,-6.422785366820406e-11,-7.41569577391016e-11
-0.43985000000005403,-4.9266764965899526e-11,-1.6651224188512194e-11,-3.1180334074159826e-11,-5.319986371731175e-11,-5.945843143373765e-11,-7.039862192231284e-11
-0.42985000000005424,-4.6073984538544004e-11,-1.6449372784700492e-11,-2.8946386607799698e-11,-4.9924686650123524e-11,-5.723955294180476e-11,-6.744221021580978e-11
-0.41985000000005446,-4.458602611656467e-11,-1.64062340942292e-11,-2.5627963287641237e-11,-4.6345329195644486e-11,-5.5946880629029096e-11,-6.477700977291906e-11
-0.40985000000005467,-4.309806769458533e-11,-1.6363095403757906e-11,-2.2309539967482772e-11,-4.276597174116545e-11,-5.465420831625343e-11,-6.211180933002834e-11
-0.3998500000000549,-4.094627200933361e-11,-1.5715341805596434e-11,-2.1269866133353914e-11,-4.1737284816082355e-11,-5.147728023322781e-11,-5.99694228334897e-11
-0.3898500000000551,-3.8534392552869314e-11,-1.4830707071012703e-11,-2.1122980024116772e-11,-4.170792113949529e-11,-4.756212250602723e-11,-5.8031868801672163e-11
-0.3798500000000553,-3.6122513096405015e-11,-1.3946072336428971e-11,-2.0976093914879627e-11,-4.167855746290822e-11,-4.3646964778826643e-11,-5.6094314769854624e-11
-0.3698500000000555,-3.3509832684883804e-11,-1.3007282150459853e-11,-2.1082605319813032e-11,-4.019540276129288e-11,-4.1697248046405146e-11,-5.355258069040715e-11
-0.35985000000005574,-3.081252187794545e-11,-1.2045667385476955e-11,-2.12959146820365e-11,-3.8099527322033867e-11,-4.0575894149758296e-11,-5.075620640608829e-11
-0.34985000000005595,-2.81152110710071e-11,-1.1084052620494058e-11,-2.1509224044259972e-11,-3.600365188277485e-11,-3.9454540253111445e-11,-4.795983212176943e-11
-0.33985000000005616,-2.7240068063935528e-11,-9.804414437114652e-12,-2.0215904078185034e-11,-3.3964317484423445e-11,-3.730028450189064e-11,-4.558018296542259e-11
-0.3298500000000564,-2.718971803544228e-11,-8.380824921406745e-12,-1.8240617670055992e-11,-3.195057603834873e-11,-3.467849211805268e-11,-4.338916185945269e-11
-0.3198500000000566,-2.713936800694903e-11,-6.957235405698839e-12,-1.626533126192695e-11,-2.993683459227402e-11,-3.205669973421472e-11,-4.1198140753482784e-11
-0.3098500000000568,-2.6417497666963822e-11,-6.419743618070898e-12,-1.4572902918337683e-11,-2.85091081953479e-11,-3.019937681011096e-11,-3.9301526157736885e-11
-0.299850000000057,-2.536979087105989e-11,-6.312205978328272e-12,-1.3017723542055005e-11,-2.7365729216455018e-11,-2.8712991317318042e-11,-3.7547764089679475e-11
-0.28985000000005723,-2.4322084075155964e-11,-6.204668338585645e-12,-1.1462544165772326e-11,-2.6222350237562136e-11,-2.722660582452513e-11,-3.5794002021622065e-11
-0.27985000000005744,-2.3579983077023156e-11,-5.900591417746358e-12,-1.0182688406108651e-11,-2.4534620820161965e-11,-2.5302070349646542e-11,-3.376106306106323e-11
-0.26985000000005765,-2.299658165604141e-11,-5.4944526216707444e-12,-9.045806836908012e-12,-2.2564212916152058e-11,-2.315000575917893e-11,-3.158314892296046e-11
-0.25985000000005787,-2.2413180235059666e-11,-5.088313825595131e-12,-7.908925267707375e-12,-2.059380501214215e-11,-2.0997941168711314e-11,-2.940523478485769e-11
-0.24985000000005808,-2.1143868920478114e-11,-4.7930287728680275e-12,-7.479993384696285e-12,-1.9033926010720415e-11,-1.951286179033355e-11,-2.72866488105363e-11
-0.2398500000000583,-1.949406530172587e-11,-4.559237214587047e-12,-7.443779859954485e-12,-1.7701778216461547e-11,-1.8397776696283625e-11,-2.5200973733039743e-11
-0.2298500000000585,-1.7844261682973626e-11,-4.325445656306067e-12,-7.407566335212687e-12,-1.636963042220268e-11,-1.7282691602233698e-11,-2.3115298655543188e-11
-0.21985000000005872,-1.6417469247509186e-11,-4.11458499485117e-12,-7.284830948565593e-12,-1.518379906532578e-11,-1.6322601869598302e-11,-2.1899772066455924e-11
-0.20985000000005893,-1.5122722440235823e-11,-3.917301790058961e-12,-7.110865693357147e-12,-1.4084602134597138e-11,-1.5454285381528273e-11,-2.119946315424739e-11
-0.19985000000005915,-1.3827975632962461e-11,-3.720018585266753e-12,-6.9369004381487e-12,-1.2985405203868496e-11,-1.4585968893458243e-11,-2.0499154242038853e-11
-0.18985000000005936,-1.236425936518159e-11,-3.4757093663532633e-12,-6.568899498466426e-12,-1.1981855345272665e-11,-1.3601628101324917e-11,-1.930577418815789e-11
-0.17985000000005957,-1.0793869066049918e-11,-3.2017116197637696e-12,-6.0783996845700486e-12,-1.1038689527323363e-11,-1.254403868655926e-11,-1.7801107785448228e-11
-0.1698500000000598,-9.223478766918247e-12,-2.927713873174276e-12,-5.5878998706736705e-12,-1.009552370937406e-11,-1.1486449271793603e-11,-1.6296441382738565e-11
-0.15985000000006,-8.107456163307717e-12,-2.665064414821359e-12,-5.1444106494084724e-12,-9.4724830275371e-12,-1.0873518965154856e-11,-1.519231891592843e-11
-0.1498500000000602,-7.297005144198945e-12,-2.4100469128157258e-12,-4.732537014859227e-12,-9.064733058585203e-12,-1.0559631019081894e-11,-1.4357570452512197e-11
-0.13985000000006043,-6.486554125090174e-12,-2.1550294108100926e-12,-4.320663380309983e-12,-8.656983089633305e-12,-1.0245743073008932e-11,-1.3522821989095962e-11
-0.12985000000006064,-6.007972679316767e-12,-1.9207428116655215e-12,-3.840913232058385e-12,-8.152835311679552e-12,-9.589585534456385e-12,-1.2689443138373983e-11
-0.11985000000006085,-5.766863868715134e-12,-1.7012904200755292e-12,-3.3125933568108093e-12,-7.579709104946123e-12,-8.68851352167706e-12,-1.1857044327890103e-11
-0.10985000000006107,-5.525755058113501e-12,-1.4818380284855369e-12,-2.7842734815632337e-12,-7.006582898212693e-12,-7.787441508897736e-12,-1.1024645517406224e-11
-0.09985000000006128,-5.133442196245283e-12,-1.3406802898868503e-12,-2.5019767099502096e-12,-6.2936603826201856e-12,-6.955694603472394e-12,-9.961042450342783e-12
-0.08985000000006149,-4.626035303100124e-12,-1.2591191504845104e-12,-2.4069486692169025e-12,-5.474327221218591e-12,-6.176716826964168e-12,-8.721450514494247e-12
-0.0798500000000617,-4.118628409954965e-12,-1.1775580110821708e-12,-2.3119206284835953e-12,-4.654994059816996e-12,-5.3977390504559436e-12,-7.48185857864571e-12
-0.06985000000006192,-3.712461238735695e-12,-1.0335061597074996e-12,-2.1936657076371524e-12,-3.938018189828589e-12,-4.479587409411176e-12,-6.296953652256608e-12
-0.05985000000006213,-3.388227354324063e-12,-8.388805875694439e-13,-2.0566132773373615e-12,-3.3038800554114914e-12,-3.4488023874929675e-12,-5.15630691174016e-12
-0.049850000000062344,-3.0639934699124306e-12,-6.442550154313882e-13,-1.9195608470375702e-12,-2.6697419209943934e-12,-2.418017365574759e-12,-4.015660171223713e-12
-0.03985000000006256,-2.5601729057525e-12,-4.92821118426765e-13,-1.6789532853261909e-12,-2.0819831416888626e-12,-1.7091098833825141e-12,-3.0641814798179987e-12
-0.02985000000006277,-1.901905057926652e-12,-3.78532720802658e-13,-1.3492867311627928e-12,-1.534111315164006e-12,-1.2770219946780444e-12,-2.275390195866346e-12
-0.019850000000062984,-1.243637210100804e-12,-2.6424432317855093e-13,-1.0196201769993942e-12,-9.862394886391492e-13,-8.449341059735749e-13,-1.4865989119146933e-12
-0.009850000000063197,-6.902184200020576e-13,-1.4879159744515214e-13,-6.401501051953042e-13,-5.113793517271323e-13,-4.3029571107785195e-13,-7.924491012608577e-13
0.00014999999993658975,-2.3259942439775295e-13,-3.227503388609963e-14,-2.1517493436117017e-13,-1.0322944581029672e-13,-3.1600787274267174e-14,-1.8477249207518004e-13
0.010149999999936377,2.2501957120655147e-13,8.424152967295285e-14,2.098002364729637e-13,3.049204601065389e-13,3.6709413652931756e-13,4.2290411711049743e-13
0.020149999999936163,5.942429812217758e-13,1.9379678828955733e-13,5.849373080690044e-13,6.913744213163704e-13,7.921712449789974e-13,1.0397566972491502e-12
0.03014999999993595,8.776766186046916e-13,2.9659595423188505e-13,9.117054574663933e-13,1.0567720124478417e-12,1.2428528178060439e-12,1.6655147499460803e-12
0.04014999999993574,1.1611102559876073e-12,3.9939512017421266e-13,1.238473606863782e-12,1.4221696035793129e-12,1.69353439063309e-12,2.2912728026430103e-12
0.050149999999935524,1.4936937815913106e-12,5.207039056328684e-13,1.4429030412187158e-12,1.7578151661892044e-12,2.11694057621338e-12,2.840798140365116e-12
0.06014999999993531,1.876944413737488e-12,6.610936879776534e-13,1.5212172607947107e-12,2.0627902786001866e-12,2.5122294048342654e-12,3.3117375192687466e-12
0.0701499999999351,2.2601950458836653e-12,8.014834703224384e-13,1.5995314803707056e-12,2.3677653910111687e-12,2.9075182334551513e-12,3.782676898172377e-12
0.08014999999993488,2.550374645222427e-12,9.739228176564028e-13,1.8079226987142295e-12,2.7290914024998445e-12,3.4645193482505383e-12,4.457711813862784e-12
0.09014999999993467,2.7386427017737677e-12,1.1814560122937653e-12,2.1587465002760637e-12,3.152120898834864e-12,4.198593265126309e-12,5.356228627223826e-12
0.10014999999993446,2.9269107583251085e-12,1.3889892069311278e-12,2.5095703018378983e-12,3.575150395169883e-12,4.932667182002079e-12,6.254745440584869e-12
0.11014999999993424,3.1153662949948333e-12,1.5905121749953349e-12,2.9429022799106e-12,3.953394783102956e-12,5.7160761668872765e-12,6.9900912484971615e-12
0.12014999999993403,3.3040398893319987e-12,1.7850446632229184e-12,3.472199316410871e-12,4.2795497209206e-12,6.556866648786034e-12,7.53565325880593e-12
0.13014999999993382,3.492713483669164e-12,1.9795771514505023e-12,4.001496352911141e-12,4.605704658738244e-12,7.397657130684793e-12,8.081215269114698e-12
0.1401499999999336,3.691689165969532e-12,2.2266165635887043e-12,4.842464284437159e-12,4.950660263792066e-12,7.988583552443493e-12,8.711259137208983e-12
0.1501499999999334,3.903399629634414e-12,2.538561672369501e-12,6.068699816085834e-12,5.318856049633987e-12,8.270644025076235e-12,9.445734067434497e-12
0.16014999999993318,4.1151100932992965e-12,2.8505067811502974e-12,7.29493534773451e-12,5.687051835475908e-12,8.552704497708977e-12,1.0180208997660013e-11
0.17014999999993297,4.435993441181315e-12,3.0688782438380977e-12,7.952576372488322e-12,6.331615329893618e-12,9.59966582390235e-12,1.0908112388258409e-11
0.18014999999993275,4.900360429305413e-12,3.164267818958987e-12,7.862925519263888e-12,7.339403128186522e-12,1.1651920357105517e-11,1.1627378941656292e-11
0.19014999999993254,5.364727417429512e-12,3.259657394079877e-12,7.773274666039452e-12,8.347190926479427e-12,1.3704174890308685e-11,1.2346645495054174e-11
0.20014999999993233,5.883539676033227e-12,3.4312013079071795e-12,7.390348860655729e-12,9.169088149121676e-12,1.4700365605661078e-11,1.315900718149212e-11
0.2101499999999321,6.478470861952286e-12,3.709215196475664e-12,6.597400760035514e-12,9.731095190451349e-12,1.4220092997694257e-11,1.4101523454414156e-11
0.2201499999999319,7.073402047871343e-12,3.987229085044149e-12,5.804452659415299e-12,1.029310223178102e-11,1.3739820389727437e-11,1.5044039727336193e-11
0.2301499999999317,7.673947994419212e-12,4.329467293895685e-12,5.429704032557073e-12,1.0886245209566038e-11,1.4197880652495843e-11,1.5458219106079316e-11
0.24014999999993147,8.282846246579326e-12,4.76724317322074e-12,5.6770531303674224e-12,1.1525704829144148e-11,1.6051769414556762e-11,1.5086464497936974e-11
0.25014999999993126,8.891744498739441e-12,5.205019052545795e-12,5.9244022281777716e-12,1.2165164448722258e-11,1.7905658176617685e-11,1.471470988979463e-11
0.26014999999993105,9.627448346061853e-12,5.613043545790539e-12,6.324240822646784e-12,1.2916199154006338e-11,1.945114133684653e-11,1.5046898837443047e-11
0.27014999999993083,1.056409432415775e-11,5.9739225885148185e-12,6.965721470370228e-12,1.3844041005964794e-11,2.0507910424992837e-11,1.6494589966709043e-11
0.2801499999999306,1.1500740302253645e-11,6.334801631239098e-12,7.607202118093672e-12,1.4771882857923247e-11,2.156467951313914e-11,1.7942281095975036e-11
0.2901499999999304,1.2971790255052939e-11,6.842955056738139e-12,8.116405131594743e-12,1.538625341872185e-11,2.2844202939288745e-11,1.970088369620391e-11
0.3001499999999302,1.534577882248017e-11,7.599945941252401e-12,8.402109463490197e-12,1.5470977220207704e-11,2.4500096121053824e-11,2.198480793727381e-11
0.31014999999993,1.7719767389907407e-11,8.356936825766665e-12,8.68781379538565e-12,1.5555701021693557e-11,2.6155989302818907e-11,2.426873217834371e-11
0.32014999999992977,1.9314603632123705e-11,9.174822739806425e-12,8.784975462588177e-12,1.5963145411138975e-11,2.7664732636989507e-11,2.6547705990386182e-11
0.33014999999992956,1.95042571134106e-11,1.0102531397033603e-11,8.542104900464467e-12,1.695260873593829e-11,2.8908094706903244e-11,2.8817751820949982e-11
0.34014999999992934,1.9693910594697495e-11,1.1030240054260779e-11,8.299234338340757e-12,1.7942072060737606e-11,3.0151456776816985e-11,3.108779765151378e-11
0.35014999999992913,1.982919307895248e-11,1.1902140852889452e-11,8.23545327515849e-12,1.9245366750665694e-11,3.189632107176109e-11,3.338879039413955e-11
0.3601499999999289,1.985972745859163e-11,1.2666525370228827e-11,8.51669596719092e-12,2.1153271296229647e-11,3.460735134489625e-11,3.574940371683858e-11
0.3701499999999287,1.989026183823078e-11,1.3430909887568203e-11,8.797938659223352e-12,2.3061175841793603e-11,3.7318381618031416e-11,3.811001703953761e-11
0.3801499999999285,2.0716021913013197e-11,1.417408043473436e-11,9.428863947333889e-12,2.578776484860811e-11,4.122106093151735e-11,4.058874008911712e-11
0.3901499999999283,2.3181417576059146e-11,1.4873510971137782e-11,1.0780782071349649e-11,3.020235788550232e-11,4.758074105271386e-11,4.331098760312986e-11
0.40014999999992806,2.5646813239105098e-11,1.5572941507541205e-11,1.2132700195365408e-11,3.461695092239653e-11,5.394042117391037e-11,4.603323511714261e-11
0.41014999999992785,2.730918763664849e-11,1.6237369429751487e-11,1.3138822647379627e-11,3.867968055840665e-11,5.83469941573205e-11,4.8394513195675585e-11
0.42014999999992764,2.719666591439384e-11,1.6824432023317193e-11,1.3380642305875193e-11,4.1964696064346677e-11,5.843666741549436e-11,4.9957950322888576e-11
0.4301499999999274,2.708414419213919e-11,1.74114946168829e-11,1.362246196437076e-11,4.5249711570286703e-11,5.852634067366822e-11,5.152138745010157e-11
0.4401499999999272,2.7189014455607997e-11,1.7984260416402348e-11,1.4239002185585366e-11,4.7672470683389014e-11,5.844468377572715e-11,5.338702142766331e-11
0.450149999999927,2.780993398075143e-11,1.8523088212239953e-11,1.574506125949333e-11,4.804838904743e-11,5.79563200699363e-11,5.59700160796947e-11
0.4601499999999268,2.843085350589486e-11,1.906191600807756e-11,1.7251120333401297e-11,4.842430741147098e-11,5.746795636414546e-11,5.855301073172609e-11
0.47014999999992657,2.8718096163621154e-11,1.9614847588106074e-11,1.863254039359942e-11,4.8921889415137925e-11,5.8088564879097636e-11,6.14706204517755e-11
0.48014999999992636,2.8152819928274565e-11,2.020381325877936e-11,1.969551730002394e-11,4.973031271920424e-11,6.154251265845411e-11,6.524314609572566e-11
0.49014999999992614,2.7587543692927976e-11,2.079277892945265e-11,2.0758494206448462e-11,5.053873602327056e-11,6.499646043781059e-11,6.901567173967584e-11
0.5001499999999259,2.743631420386706e-11,2.166735778532386e-11,2.2011920583975195e-11,5.1554056718460576e-11,6.754075184985588e-11,7.182218465665189e-11
0.5101499999999257,2.842585113523913e-11,2.3328847621246343e-11,2.3790066364254416e-11,5.313941352282524e-11,6.757879137785493e-11,7.196717471291536e-11
0.5201499999999255,2.94153880666112e-11,2.499033745716883e-11,2.5568212144533634e-11,5.47247703271899e-11,6.761683090585401e-11,7.211216476917883e-11
0.5301499999999253,3.031763473007781e-11,2.6626432818712653e-11,2.7727443884171675e-11,5.650273902201334e-11,6.835398256089441e-11,7.227337213374234e-11
0.5401499999999251,3.0959678556720363e-11,2.8186830001850827e-11,3.10226516046187e-11,5.885486290625263e-11,7.117511176668853e-11,7.248292153833588e-11
0.5501499999999249,3.160172238336292e-11,2.9747227184989e-11,3.431785932506572e-11,6.120698679049191e-11,7.399624097248263e-11,7.269247094292942e-11
0.5601499999999247,3.222225364201345e-11,3.1139781999581297e-11,3.6698609724754274e-11,6.370696910963538e-11,7.661482246005703e-11,7.396312786290231e-11
0.5701499999999244,3.27731811281532e-11,3.198928393260838e-11,3.6120639466431173e-11,6.668534642423847e-11,7.857806213503294e-11,7.866699118284185e-11
0.5801499999999242,3.332410861429295e-11,3.2838785865635454e-11,3.554266920810808e-11,6.966372373884157e-11,8.054130181000886e-11,8.337085450278137e-11
0.590149999999924,3.427751470502963e-11,3.38609172541961e-11,3.4820220195769017e-11,7.331986820701664e-11,8.242097054268934e-11,8.730303835858612e-11
0.6001499999999238,3.6649612347779164e-11,3.5491547945320434e-11,3.358849991925163e-11,7.936506522114587e-11,8.400606115749197e-11,8.851513939725277e-11
0.6101499999999236,3.90217099905287e-11,3.712217863644478e-11,3.235677964273424e-11,8.541026223527509e-11,8.559115177229458e-11,8.97272404359194e-11
0.6201499999999234,4.111168546159733e-11,3.8983177154622277e-11,3.1787107718816125e-11,9.135510757819716e-11,8.606262329869525e-11,9.079635086059562e-11
0.6301499999999232,4.21142579990488e-11,4.173209826837633e-11,3.376921439678365e-11,9.691316055732212e-11,8.224179600843297e-11,9.131432270510824e-11
0.640149999999923,4.311683053650027e-11,4.448101938213038e-11,3.5751321074751174e-11,1.0247121353644709e-10,7.84209687181707e-11,9.183229454962084e-11
0.6501499999999227,4.384383535090448e-11,4.6716394577666984e-11,3.778906617582382e-11,1.0788947810150536e-10,7.480618802409012e-11,9.21121737864163e-11
0.6601499999999225,4.340288917144444e-11,4.677518516110036e-11,4.006262609165077e-11,1.1271527118501823e-10,7.206470382544669e-11,9.138293448516263e-11
0.6701499999999223,4.29619429919844e-11,4.683397574453375e-11,4.233618600747772e-11,1.1754106426853111e-10,6.932321962680326e-11,9.065369518390895e-11
0.6801499999999221,4.3341560515652346e-11,4.6846212427957725e-11,4.441110254610908e-11,1.2140444968027485e-10,6.809930031127401e-11,9.064118977316601e-11
0.6901499999999219,4.756821219264473e-11,4.6640191293464676e-11,4.555472288739459e-11,1.2075579639398254e-10,7.399015333209243e-11,9.398893505975344e-11
0.7001499999999217,5.1794863869637104e-11,4.643417015897163e-11,4.6698343228680094e-11,1.2010714310769023e-10,7.988100635291083e-11,9.733668034634086e-11
0.7101499999999215,5.56174081602276e-11,4.642606884480691e-11,4.8050292947070075e-11,1.1937722953728971e-10,8.390589843751392e-11,9.932923001249453e-11
0.7201499999999212,5.73293903510866e-11,4.7451658291135247e-11,5.049030020257251e-11,1.1822291175745558e-10,7.818529572524869e-11,9.4243897386823e-11
0.730149999999921,5.90413725419456e-11,4.847724773746358e-11,5.2930307458074943e-11,1.1706859397762145e-10,7.246469301298348e-11,8.915856476115147e-11
0.7401499999999208,6.085777531296602e-11,4.921897817503213e-11,5.5167183439812065e-11,1.172286548934459e-10,6.714244355729256e-11,8.62278470051906e-11
0.7501499999999206,6.328643959145093e-11,4.8296324596135924e-11,5.62130158581398e-11,1.250954674892469e-10,6.415590574959802e-11,9.593053682171392e-11
0.7601499999999204,6.571510386993585e-11,4.737367101723972e-11,5.725884827646753e-11,1.3296228008504786e-10,6.116936794190346e-11,1.0563322663823723e-10
0.7701499999999202,6.771205325706835e-11,4.703969165022947e-11,5.853374895416264e-11,1.397221550683869e-10,5.964061751923208e-11,1.1469785988306253e-10
0.78014999999992,6.683509049589959e-11,5.062449758068941e-11,6.133354966790674e-11,1.3911318196334893e-10,6.78163108379709e-11,1.1951497104922605e-10
0.7901499999999197,6.595812773473082e-11,5.420930351114935e-11,6.413335038165083e-11,1.3850420885831097e-10,7.599200415670974e-11,1.2433208221538958e-10
0.8001499999999195,6.589646584742656e-11,5.7492956240737605e-11,6.659879831546324e-11,1.384421684325671e-10,8.420225087069109e-11,1.2848295220353206e-10
0.8101499999999193,7.207838511155034e-11,5.847037515048187e-11,6.650376976552791e-11,1.425685432005349e-10,9.26771077846241e-11,1.2753174148166548e-10
0.8201499999999191,7.82603043756741e-11,5.944779406022613e-11,6.640874121559259e-11,1.466949179685027e-10,1.0115196469855711e-10,1.265805307597989e-10
0.8301499999999189,8.489318937685179e-11,6.049959248091885e-11,6.701830361599868e-11,1.5111100506559619e-10,1.0954197363441502e-10,1.2663340772913018e-10
0.8401499999999187,9.55667992494453e-11,6.221784317307801e-11,7.394111321744135e-11,1.581229608011848e-10,1.1717173116506163e-10,1.3568307042637711e-10
0.8501499999999185,1.062404091220388e-10,6.393609386523719e-11,8.086392281888401e-11,1.651349165367734e-10,1.2480148869570827e-10,1.4473273312362405e-10
0.8601499999999183,1.1592807339306842e-10,6.563824896955017e-11,8.774105585150381e-11,1.7159627518982796e-10,1.3211996650014237e-10,1.5311977355016843e-10
0.870149999999918,1.1505665280128044e-10,6.716802673609187e-11,9.412901101703052e-11,1.7216095829559558e-10,1.3610476236518822e-10,1.5441039326420772e-10
0.8801499999999178,1.1418523220949247e-10,6.869780450263358e-11,1.0051696618255722e-10,1.727256414013632e-10,1.4008955823023406e-10,1.5570101297824704e-10
0.8901499999999176,1.1326416487080787e-10,7.023576224081947e-11,1.0700857577516747e-10,1.7336171545934303e-10,1.439181375065218e-10,1.5713097192796875e-10
0.9001499999999174,1.116865316630536e-10,7.188189806774723e-11,1.1487098936310799e-10,1.7494191708887436e-10,1.4568079128370993e-10,1.604036575836683e-10
0.9101499999999172,1.1010889845529933e-10,7.352803389467498e-11,1.2273340295104852e-10,1.7652211871840569e-10,1.4744344506089805e-10,1.6367634323936788e-10
0.920149999999917,1.085438997488407e-10,7.520800458878481e-11,1.2993620668249541e-10,1.7911029632360537e-10,1.488724538757023e-10,1.6692189326660298e-10
0.9301499999999168,1.0719515243415797e-10,7.746709090823355e-11,1.2584916634665256e-10,1.9895093229770203e-10,1.4459081485517238e-10,1.6970299145004627e-10
0.9401499999999166,1.0584640511947523e-10,7.972617722768228e-11,1.2176212601080973e-10,2.1879156827179873e-10,1.4030917583464245e-10,1.7248408963348954e-10
0.9501499999999163,1.0478637991428846e-10,8.198990372997179e-11,1.1810204868956485e-10,2.380876999870234e-10,1.365529110597159e-10,1.7547782239024062e-10
0.9601499999999161,1.1063768520699149e-10,8.436470533225697e-11,1.246624650790838e-10,2.4434967613604483e-10,1.453728741766643e-10,1.835615283879519e-10
0.9701499999999159,1.164889904996945e-10,8.673950693454216e-11,1.3122288146860272e-10,2.5061165228506626e-10,1.5419283729361268e-10,1.9164523438566317e-10
0.9801499999999157,1.2208035548061575e-10,8.915913315930617e-11,1.379531697618877e-10,2.5679474452398423e-10,1.6317718371427259e-10,1.9937617496732335e-10
0.9901499999999155,1.175754730494527e-10,9.331977629521204e-11,1.5128139108459646e-10,2.599139354088636e-10,1.7854628243945555e-10,1.9340548191445624e-10
1.0001499999999153,1.1307059061828964e-10,9.74804194311179e-11,1.6460961240730526e-10,2.63033126293743e-10,1.939153811646385e-10,1.874347888615891e-10
1.010149999999915,1.0865063044399039e-10,1.0161727414438803e-10,1.7783518552994798e-10,2.661025520722028e-10,2.0926146513595432e-10,1.81549808525768e-10
1.0201499999999148,1.126379737064115e-10,1.0339907501470309e-10,1.8089858683734425e-10,2.6424523231090936e-10,2.223290884724714e-10,1.841503871847729e-10
1.0301499999999146,1.1662531696883263e-10,1.0518087588501813e-10,1.8396198814474052e-10,2.6238791254961586e-10,2.353967118089885e-10,1.8675096584377782e-10
1.0401499999999144,1.2061266023125377e-10,1.0696267675533318e-10,1.870253894521368e-10,2.6053059278832237e-10,2.4846433514550553e-10,1.8935154450278272e-10
1.0501499999999142,1.2528576922255738e-10,1.1188614514875001e-10,1.6450416705610604e-10,2.602633300057999e-10,2.528471774593487e-10,1.9130598543156154e-10
1.060149999999914,1.2996232427280606e-10,1.1682540081617943e-10,1.4185437871159568e-10,2.6000405745936544e-10,2.571863776574249e-10,1.9325717943706731e-10
1.0701499999999138,1.3463887932305473e-10,1.2176465648360887e-10,1.1920459036708532e-10,2.5974478491293096e-10,2.615255778555011e-10,1.952083734425731e-10
1.0801499999999136,1.4262332941289943e-10,1.2360052848883279e-10,1.3180215399630288e-10,2.5782142743251974e-10,2.636227701854657e-10,1.9318075963366215e-10
1.0901499999999134,1.5067528756480636e-10,1.2537306613357569e-10,1.4511905133958611e-10,2.558641090350737e-10,2.656742072527957e-10,1.9107194566523767e-10
1.1001499999999131,1.587272457167133e-10,1.2714560377831859e-10,1.5843594868286935e-10,2.539067906376276e-10,2.6772564432012563e-10,1.8896313169681316e-10
1.110149999999913,1.6073416544863517e-10,1.2935015013303755e-10,1.5560184121943725e-10,2.622867522266883e-10,2.755016313128296e-10,1.934435445292055e-10
1.1201499999999127,1.625218350823665e-10,1.3157036519744878e-10,1.5218194601675073e-10,2.7104164106924203e-10,2.834852444686836e-10,1.9816294486220707e-10
1.1301499999999125,1.643095047160978e-10,1.3379058026186e-10,1.4876205081406424e-10,2.7979652991179577e-10,2.914688576245375e-10,2.0288234519520866e-10
1.1401499999999123,1.695647296145898e-10,1.4382796004029196e-10,1.4779076250208648e-10,2.8829171260685103e-10,2.90091417964302e-10,2.1291474215166698e-10
1.150149999999912,1.75002457421787e-10,1.5427676954059021e-10,1.4694834823701188e-10,2.9677322655729855e-10,2.8822129131365527e-10,2.2322677050941132e-10
1.1601499999999119,1.8044018522898422e-10,1.6472557904088844e-10,1.4610593397193727e-10,3.052547405077461e-10,2.8635116466300855e-10,2.3353879886715566e-10
1.1701499999999116,1.8705661754440282e-10,1.6662432829232214e-10,1.505320144904306e-10,3.2368592456954244e-10,2.9010530369014695e-10,2.3736249679771746e-10
1.1801499999999114,1.9375499188446904e-10,1.6792868832850785e-10,1.5532435400462622e-10,3.4280879692795006e-10,2.9425043444895287e-10,2.4073513432418504e-10
1.1901499999999112,2.0045336622453526e-10,1.6923304836469356e-10,1.601166935188218e-10,3.619316692863577e-10,2.9839556520775873e-10,2.4410777185065267e-10
1.200149999999911,2.0669264684793054e-10,1.7136693473079523e-10,1.6052909308782332e-10,3.63358386985453e-10,3.0943752454632354e-10,2.635510795031531e-10
1.2101499999999108,2.1289200627856704e-10,1.7357295382124613e-10,1.6056062831371855e-10,3.632463086270312e-10,3.2107920810928746e-10,2.8439183673199884e-10
1.2201499999999106,2.190913657092035e-10,1.75778972911697e-10,1.6059216353961378e-10,3.6313423026860947e-10,3.3272089167225143e-10,3.052325939608446e-10
1.2301499999999104,2.1454620446072802e-10,1.7679734531629568e-10,1.6020961285431903e-10,3.719848050998268e-10,3.237488651869396e-10,3.153135034284663e-10
1.2401499999999102,2.0886003216656565e-10,1.776895959489325e-10,1.5978308844393761e-10,3.8178716611057286e-10,3.125877721476033e-10,3.2425177419566347e-10
1.25014999999991,2.0317385987240327e-10,1.7858184658156927e-10,1.593565640335562e-10,3.915895271213189e-10,3.014266791082669e-10,3.331900449628606e-10
1.2601499999999097,2.019313788690591e-10,1.832813692306166e-10,1.6570475412658645e-10,4.0859965375600605e-10,3.106642566014293e-10,3.3520383373228503e-10
1.2701499999999095,2.0124373446113206e-10,1.884562655510477e-10,1.7289883095746523e-10,4.2650973762841036e-10,3.2244879970686853e-10,3.3635303588548563e-10
1.2801499999999093,2.0055609005320504e-10,1.9363116187147877e-10,1.8009290778834404e-10,4.4441982150081466e-10,3.342333428123078e-10,3.375022380386863e-10
1.290149999999909,2.011042337962147e-10,2.0247845751368796e-10,1.8412490005481575e-10,4.627963289064056e-10,3.406774954598403e-10,3.5008285543836043e-10
1.3001499999999089,2.018305346410903e-10,2.1185518372178058e-10,1.877010311597908e-10,4.812400781485943e-10,3.4635175200010554e-10,3.643114800704994e-10
1.3101499999999087,2.025568354859659e-10,2.212319099298732e-10,1.9127716226476585e-10,4.996838273907828e-10,3.520260085403707e-10,3.785401047026383e-10
1.3201499999999085,2.032766450151394e-10,2.3070855515856731e-10,1.9564394612137187e-10,5.150501413993015e-10,3.652289752767358e-10,3.924031947736845e-10
1.3301499999999082,2.0399538903149099e-10,2.402016015303416e-10,2.0014051116306334e-10,5.299113117896827e-10,3.7966773728403234e-10,4.062062844103675e-10
1.340149999999908,2.0471413304784253e-10,2.4969464790211593e-10,2.0463707620475478e-10,5.447724821800638e-10,3.9410649929132895e-10,4.2000937404705054e-10
1.3501499999999078,2.1652314780373137e-10,2.570070982825179e-10,2.1272705452490872e-10,5.630423245323006e-10,4.1051210569556065e-10,4.278288368915836e-10
1.3601499999999076,2.303820230282086e-10,2.639165001147233e-10,2.2148121823781066e-10,5.819422057780049e-10,4.272812520594408e-10,4.3454232132422023e-10
1.3701499999999074,2.442408982526859e-10,2.7082590194692877e-10,2.302353819507126e-10,6.008420870237092e-10,4.4405039842332097e-10,4.4125580575685683e-10
1.3801499999999072,2.4749291937323767e-10,2.621152611154732e-10,2.337513334639285e-10,6.286787032923899e-10,4.665263296159231e-10,4.4488111143152994e-10
1.390149999999907,2.4855703693300543e-10,2.50182633196369e-10,2.361867852350396e-10,6.583587232872816e-10,4.901794142533688e-10,4.478694103901037e-10
1.4001499999999067,2.4962115449277325e-10,2.382500052772647e-10,2.386222370061506e-10,6.880387432821733e-10,5.138324988908145e-10,4.5085770934867743e-10
1.4101499999999065,2.522529028533428e-10,2.482124492940255e-10,2.7296671927782873e-10,6.780283237171236e-10,5.18771972709426e-10,4.6418648553439557e-10
1.4201499999999063,2.55242856777754e-10,2.631779441465624e-10,3.146024542196187e-10,6.589485899523148e-10,5.194353634659765e-10,4.798780734699507e-10
1.430149999999906,2.5823281070216524e-10,2.7814343899909937e-10,3.562381891614087e-10,6.39868856187506e-10,5.200987542225271e-10,4.955696614055059e-10
1.440149999999906,2.6162187061992863e-10,2.7319776582411975e-10,3.8246948817218177e-10,6.156114516204257e-10,5.182360686062954e-10,4.943198550801922e-10
1.4501499999999057,2.6511133141963007e-10,2.632431505042526e-10,4.04825578644387e-10,5.900515291167777e-10,5.157379119625807e-10,4.88808196130806e-10
1.4601499999999055,2.686007922193315e-10,2.532885351843855e-10,4.2718166911659226e-10,5.644916066131298e-10,5.132397553188661e-10,4.832965371814197e-10
1.4701499999999053,2.784591105797987e-10,2.537111738734288e-10,4.5244084473418306e-10,5.770164598883283e-10,5.115828126225725e-10,4.947426209235326e-10
1.480149999999905,2.9007211418669733e-10,2.5699285193243374e-10,4.7849984993269e-10,6.000340575113461e-10,5.101576329526223e-10,5.108607358156053e-10
1.4901499999999048,3.0168511779359595e-10,2.6027452999143867e-10,5.045588551311971e-10,6.230516551343639e-10,5.087324532826721e-10,5.269788507076778e-10
1.5001499999999046,3.107780172733626e-10,2.675761777102191e-10,4.901079881300209e-10,6.642955717657637e-10,5.346622612578409e-10,5.554639436947074e-10
1.5101499999999044,3.191139023793989e-10,2.7608538458564175e-10,4.634883558770531e-10,7.110144944975039e-10,5.688092371736609e-10,5.876639546792505e-10
1.5201499999999042,3.274497874854352e-10,2.8459459146106444e-10,4.368687236240853e-10,7.577334172292439e-10,6.029562130894809e-10,6.198639656637937e-10
1.530149999999904,3.27282820180983e-10,2.954349736944091e-10,4.312519415002745e-10,7.823082867568593e-10,6.09424229049988e-10,6.286265620837111e-10
1.5401499999999038,3.243417127000212e-10,3.0703592507639897e-10,4.3248754814574713e-10,7.996584386604742e-10,6.068617090033877e-10,6.297424688707425e-10
1.5501499999999035,3.214006052190594e-10,3.1863687645838884e-10,4.3372315479121974e-10,8.170085905640892e-10,6.042991889567874e-10,6.308583756577741e-10
1.5601499999999033,3.2493298863364736e-10,3.3064114211902933e-10,4.6429934667505405e-10,7.984740853001267e-10,6.141457978540132e-10,6.3664166783913e-10
1.5701499999999031,3.307516793876439e-10,3.427878503056957e-10,5.052380456598291e-10,7.672658377882535e-10,6.283750625760028e-10,6.440733870678197e-10
1.580149999999903,3.365703701416404e-10,3.5493455849236203e-10,5.461767446446042e-10,7.360575902763803e-10,6.426043272979925e-10,6.515051062965094e-10
1.5901499999999027,3.5252847935446026e-10,3.647337814420113e-10,5.578282531093995e-10,7.364881597900392e-10,6.524014391239976e-10,6.932413468351809e-10
1.6001499999999025,3.7235189173685373e-10,3.736381067045775e-10,5.583150314859247e-10,7.489799357946808e-10,6.605089457022799e-10,7.480550015755313e-10
1.6101499999999023,3.921753041192472e-10,3.825424319671436e-10,5.5880180986245e-10,7.614717117993225e-10,6.686164522805622e-10,8.028686563158817e-10
1.620149999999902,4.009260940496469e-10,3.9646139827008573e-10,5.53096680275667e-10,7.637973928863789e-10,6.755342774964898e-10,8.076835284064948e-10
1.6301499999999018,4.051102091832455e-10,4.124485498609644e-10,5.448378259355344e-10,7.619302777642894e-10,6.819614431674681e-10,7.918774336405913e-10
1.6401499999999016,4.092943243168441e-10,4.28435701451843e-10,5.365789715954019e-10,7.600631626421998e-10,6.883886088384465e-10,7.760713388746878e-10
1.6501499999999014,4.147862720789835e-10,4.536295516312098e-10,5.371925393731747e-10,7.595721148883807e-10,7.092452845034071e-10,7.671249418468523e-10
1.6601499999999012,4.208575915827976e-10,4.829019825707447e-10,5.41736602952279e-10,7.596906669644006e-10,7.364942539178011e-10,7.612174008156749e-10
1.670149999999901,4.269289110866117e-10,5.121744135102796e-10,5.462806665313833e-10,7.598092190404204e-10,7.637432233321951e-10,7.553098597844977e-10
1.6801499999999008,4.3773591569433564e-10,5.195311248019595e-10,5.531716730457517e-10,8.008226047885903e-10,7.905206080848755e-10,7.555056942167558e-10
1.6901499999999006,4.5079202148720436e-10,5.164794854639496e-10,5.611773043760335e-10,8.612580206887219e-10,8.170740249008618e-10,7.58600181892842e-10
1.7001499999999004,4.638481272800731e-10,5.134278461259398e-10,5.691829357063153e-10,9.216934365888535e-10,8.436274417168481e-10,7.616946695689282e-10
1.7101499999999001,4.739484398011392e-10,5.282257052187105e-10,5.942850675521336e-10,9.528809670317963e-10,8.631419020784276e-10,7.78665824767977e-10
1.7201499999999,4.825463355308903e-10,5.520963862895226e-10,6.280772758293134e-10,9.692019252281142e-10,8.790784916628716e-10,8.026904293719233e-10
1.7301499999998997,4.911442312606413e-10,5.759670673603345e-10,6.618694841064933e-10,9.855228834244323e-10,8.950150812473157e-10,8.267150339758697e-10
1.7401499999998995,5.247138141711179e-10,5.911083898837955e-10,6.765727127315134e-10,9.941817717960715e-10,9.107585085785186e-10,8.389333581330453e-10
1.7501499999998993,5.71848264192709e-10,6.015078386282398e-10,6.809066190758915e-10,9.986785481639985e-10,9.26397008265981e-10,8.447383941460136e-10
1.760149999999899,6.189827142143003e-10,6.119072873726841e-10,6.852405254202695e-10,1.0031753245319254e-09,9.420355079534433e-10,8.50543430158982e-10
1.7701499999998989,6.621253584005104e-10,6.139027168491387e-10,7.078814706761495e-10,1.0254392733703722e-09,9.371161015721057e-10,8.698488353588339e-10
1.7801499999998986,7.029536380659488e-10,6.110256738587905e-10,7.411364495510077e-10,1.0580042526937546e-09,9.202776564426202e-10,8.969814688237752e-10
1.7901499999998984,7.437819177313872e-10,6.081486308684423e-10,7.743914284258659e-10,1.0905692320171368e-09,9.034392113131347e-10,9.241141022887164e-10
1.8001499999998982,7.599894658777707e-10,6.031524771696962e-10,7.942178173320142e-10,1.1125442745304748e-09,9.009122826260816e-10,9.611559534758762e-10
1.810149999999898,7.609783741524971e-10,5.968464524504922e-10,8.057436862247834e-10,1.1279734337725972e-09,9.072316310931462e-10,1.0043229198249302e-09
1.8201499999998978,7.619672824272235e-10,5.905404277312884e-10,8.172695551175527e-10,1.1434025930147197e-09,9.135509795602107e-10,1.0474898861739842e-09
1.8301499999998976,7.631510781867865e-10,5.879305882083818e-10,8.339123141575951e-10,1.1687404799558737e-09,9.25122563691306e-10,1.078518969464164e-09
1.8401499999998974,7.644631829537849e-10,5.877542238479838e-10,8.53923904687777e-10,1.2006020234421083e-09,9.401520873890835e-10,1.1015567765112613e-09
1.8501499999998972,7.657752877207832e-10,5.875778594875857e-10,8.73935495217959e-10,1.232463566928343e-09,9.551816110868609e-10,1.1245945835583586e-09
1.860149999999897,7.699147004371799e-10,6.052385730145211e-10,8.912631503982469e-10,1.238146902061624e-09,9.57636060835138e-10,1.1264822760124539e-09
1.8701499999998967,7.760351520569808e-10,6.353973751297113e-10,9.067102250271687e-10,1.2254876830420554e-09,9.512794043463155e-10,1.1135505004177608e-09
1.8801499999998965,7.821556036767817e-10,6.655561772449014e-10,9.221572996560904e-10,1.2128284640224869e-09,9.449227478574932e-10,1.1006187248230678e-09
1.8901499999998963,7.712685789686873e-10,6.802557093820506e-10,9.392848086130491e-10,1.190513796515327e-09,9.551675259828409e-10,1.11708700999919e-09
1.900149999999896,7.47707571027925e-10,6.834349827392645e-10,9.576645784043919e-10,1.1610038820546312e-09,9.777837047723262e-10,1.1554642409862538e-09
1.9101499999998959,7.241465630871627e-10,6.866142560964783e-10,9.760443481957346e-10,1.1314939675939354e-09,1.0003998835618115e-09,1.1938414719733175e-09
1.9201499999998957,7.227540930309425e-10,7.038277952981507e-10,1.0049684459811633e-09,1.1364325919946486e-09,1.0299212713076675e-09,1.2091954052171823e-09
1.9301499999998954,7.389216476080235e-10,7.321580827140043e-10,1.0422448609235507e-09,1.1686584102616462e-09,1.0649123765424926e-09,1.2063122459826882e-09
1.9401499999998952,7.550892021851045e-10,7.604883701298578e-10,1.0795212758659382e-09,1.2008842285286441e-09,1.099903481777318e-09,1.2034290867481941e-09
1.950149999999895,7.805371291385461e-10,7.737023159266161e-10,1.1298515033615138e-09,1.2097805689055286e-09,1.131277328544652e-09,1.2111673566068438e-09
1.9601499999998948,8.137956089026252e-10,7.741940368242612e-10,1.1911680887522257e-09,1.19904233949193e-09,1.159606815975497e-09,1.2278448402698617e-09
1.9701499999998946,8.470540886667042e-10,7.746857577219063e-10,1.2524846741429377e-09,1.1883041100783316e-09,1.1879363034063424e-09,1.2445223239328796e-09
1.9801499999998944,8.829425356325661e-10,7.829839525445934e-10,1.2412670469635251e-09,1.178911934551337e-09,1.2230479679815535e-09,1.2490880763678013e-09
1.9901499999998942,9.211820138849697e-10,7.982606619369313e-10,1.165208229756562e-09,1.170723049619994e-09,1.264222487883045e-09,1.242826675128664e-09
2.000149999999894,9.594214921373735e-10,8.135373713292693e-10,1.0891494125495987e-09,1.162534164688651e-09,1.3053970077845365e-09,1.2365652738895263e-09
2.0101499999998937,9.88342809454125e-10,8.264408704995922e-10,1.0405315991106024e-09,1.189699158794686e-09,1.3332915865480673e-09,1.2327616711228737e-09
2.0201499999998935,1.0084182313013725e-09,8.370914391081795e-10,1.0179640173198866e-09,1.250426217407417e-09,1.3485792816186903e-09,1.2312913000446243e-09
2.0301499999998933,1.02849365314862e-09,8.477420077167668e-10,9.953964355291708e-10,1.311153276020148e-09,1.3638669766893134e-09,1.229820928966375e-09
2.040149999999893,1.0370714659497825e-09,8.631480644617114e-10,9.805890947540379e-10,1.3707939070090785e-09,1.4183599177264063e-09,1.2495152444547991e-09
2.050149999999893,1.0340128655710099e-09,8.833670196627724e-10,9.736356799970231e-10,1.4293349945477176e-09,1.5125314074998706e-09,1.2906297558053788e-09
2.0601499999998927,1.030954265192237e-09,9.035859748638334e-10,9.666822652400084e-10,1.4878760820863569e-09,1.6067028972733347e-09,1.3317442671559585e-09
2.0701499999998925,1.0400468068080082e-09,9.442605117902002e-10,9.807487969404518e-10,1.520599711212023e-09,1.7091182818391885e-09,1.3791501141887754e-09
2.0801499999998923,1.0621980445927506e-09,1.0069184332272802e-09,1.0174052296065209e-09,1.5255776070213097e-09,1.8203932877798168e-09,1.4333171891957396e-09
2.090149999999892,1.0843492823774933e-09,1.0695763546643604e-09,1.0540616622725897e-09,1.5305555028305965e-09,1.931668293720445e-09,1.487484264202704e-09
2.100149999999892,1.1221302566397939e-09,1.0788250937724024e-09,1.1025511976450787e-09,1.547038422958349e-09,1.9961692075256093e-09,1.541805502088624e-09
2.1101499999998916,1.1777498808868899e-09,1.0271164577570808e-09,1.1645461800042807e-09,1.576652345146076e-09,2.007285557927599e-09,1.5963026903267648e-09
2.1201499999998914,1.233369505133986e-09,9.754078217417591e-10,1.2265411623634827e-09,1.6062662673338033e-09,2.0184019083295886e-09,1.6507998785649058e-09
2.130149999999891,1.2543762177832789e-09,9.473030013973704e-10,1.2905060482316364e-09,1.6619400863315122e-09,2.034232821704201e-09,1.6730601647349734e-09
2.140149999999891,1.2334186039802943e-09,9.478151965136888e-10,1.3568592241948193e-09,1.7492086474807644e-09,2.055779621160917e-09,1.6562367731747746e-09
2.1501499999998908,1.2124609901773097e-09,9.48327391630007e-10,1.423212400158002e-09,1.8364772086300165e-09,2.077326420617633e-09,1.6394133816145759e-09
2.1601499999998905,1.2347342481417936e-09,9.364545017041269e-10,1.4861375877956096e-09,1.8962023578462226e-09,2.1263466450007305e-09,1.646499701837225e-09
2.1701499999998903,1.312703114358376e-09,9.086255411167642e-10,1.544646396880849e-09,1.9204425164011143e-09,2.210761693718473e-09,1.6843896095526472e-09
2.18014999999989,1.3906719805749584e-09,8.807965805294016e-10,1.6031552059660883e-09,1.944682674956006e-09,2.2951767424362164e-09,1.7222795172680695e-09
2.19014999999989,1.4155018587096768e-09,8.683558898983893e-10,1.6370971998695536e-09,1.936757438585655e-09,2.32794688760237e-09,1.7451852323093602e-09
2.2001499999998897,1.3675489522171404e-09,8.769920239952714e-10,1.637390807100731e-09,1.8847762821498355e-09,2.2899806482799827e-09,1.747567574445347e-09
2.2101499999998895,1.319596045724604e-09,8.856281580921535e-10,1.6376844143319085e-09,1.8327951257140155e-09,2.2520144089575952e-09,1.7499499165813335e-09
2.2201499999998893,1.2866596735820998e-09,8.953995052736152e-10,1.6495325725413582e-09,1.8043702515564749e-09,2.2102490249708357e-09,1.7498172928755248e-09
2.230149999999889,1.2756024288842559e-09,9.068248607086066e-10,1.6782157399164817e-09,1.8102669385578013e-09,2.162948277873325e-09,1.7460203577587753e-09
2.240149999999889,1.2645451841864121e-09,9.182502161435979e-10,1.7068989072916052e-09,1.8161636255591278e-09,2.115647530775814e-09,1.742223422642026e-09
2.2501499999998886,1.26878930415567e-09,9.332766062627983e-10,1.6925155170524847e-09,1.8247307358162695e-09,2.0544347128501985e-09,1.7548690793047384e-09
2.2601499999998884,1.2967661529974607e-09,9.538882746679722e-10,1.6113350170412094e-09,1.8374397270418082e-09,1.9716439891493707e-09,1.7930175313816861e-09
2.270149999999888,1.3247430018392512e-09,9.744999430731458e-10,1.530154517029934e-09,1.850148718267347e-09,1.888853265448543e-09,1.8311659834586341e-09
2.280149999999888,1.3522670633004883e-09,9.863819030993236e-10,1.4845950241914958e-09,1.8870216537133876e-09,1.8295995628856172e-09,1.8599681665564346e-09
2.2901499999998878,1.3790428846076188e-09,9.83837846360584e-10,1.4978999543497044e-09,1.9638259877007824e-09,1.8092412559980552e-09,1.8733254542317245e-09
2.3001499999998876,1.4058187059147494e-09,9.812937896218444e-10,1.511204884507913e-09,2.0406303216881776e-09,1.7888829491104934e-09,1.8866827419070146e-09
2.3101499999998873,1.4465730483432514e-09,9.833595548219272e-10,1.5448459734355635e-09,2.0785820630729654e-09,1.8439390052993519e-09,1.902606023702454e-09
2.320149999999887,1.5119635688818902e-09,9.935498128317113e-10,1.614328137765247e-09,2.048058793182419e-09,2.031907668242632e-09,1.9230516929253397e-09
2.330149999999887,1.5773540894205293e-09,1.0037400708414956e-09,1.6838103020949307e-09,2.0175355232918723e-09,2.2198763311859123e-09,1.943497362148225e-09
2.3401499999998867,1.633236608145429e-09,1.0134822297056256e-09,1.723627045234585e-09,2.00672301761975e-09,2.330939637664862e-09,1.9576897299926235e-09
2.3501499999998865,1.6712265470873847e-09,1.0223811357106004e-09,1.7076180822126952e-09,2.0330031028273774e-09,2.2972790312512647e-09,1.9601143577783618e-09
2.3601499999998863,1.7092164860293404e-09,1.0312800417155752e-09,1.6916091191908051e-09,2.059283188035005e-09,2.263618424837667e-09,1.9625389855640996e-09
2.370149999999886,1.716989614895661e-09,1.0442044173315652e-09,1.6723194266732957e-09,2.08712350352506e-09,2.238099199261143e-09,1.9566027600669672e-09
2.380149999999886,1.6639650656548659e-09,1.06522823180387e-09,1.6464287483028153e-09,2.1181030775353414e-09,2.2289608242853552e-09,1.9338440948311465e-09
2.3901499999998856,1.6109405164140708e-09,1.0862520462761748e-09,1.620538069932335e-09,2.1490826515456228e-09,2.2198224493095675e-09,1.9110854295953263e-09
2.4001499999998854,1.5732673387592012e-09,1.114238497070603e-09,1.6136992195995643e-09,2.1901258963842195e-09,2.2865539493661387e-09,1.9078324590379387e-09
2.410149999999885,1.5686698292233924e-09,1.1572264639794217e-09,1.647908945135704e-09,2.2528520660685686e-09,2.516752719611492e-09,1.9466059536732164e-09
2.420149999999885,1.5640723196875833e-09,1.2002144308882404e-09,1.682118670671844e-09,2.3155782357529177e-09,2.7469514898568454e-09,1.985379448308494e-09
2.430149999999885,1.5768218247388065e-09,1.2326445834069133e-09,1.731033580584002e-09,2.360915092456763e-09,2.921748493746867e-09,2.0439904599441273e-09
2.4401499999998846,1.6298555929029848e-09,1.2405567549982894e-09,1.814097739264929e-09,2.3658694582169616e-09,2.9678882395488563e-09,2.148669326676132e-09
2.4501499999998844,1.6828893610671629e-09,1.2484689265896658e-09,1.897161897945856e-09,2.370823823977161e-09,3.0140279853508456e-09,2.2533481934081366e-09
2.460149999999884,1.737646709389026e-09,1.2672560388358109e-09,1.972329755384802e-09,2.3767386054055204e-09,3.0023364578121686e-09,2.3640410015133757e-09
2.470149999999884,1.7967069816012966e-09,1.3131924784523939e-09,2.027784469162579e-09,2.385051067907676e-09,2.8462689541630834e-09,2.489747635285513e-09
2.4801499999998837,1.8557672538135676e-09,1.3591289180689768e-09,2.0832391829403558e-09,2.393363530409832e-09,2.690201450513998e-09,2.61545426905765e-09
2.4901499999998835,1.89701041313775e-09,1.4080612508325291e-09,2.1305651873519813e-09,2.410028543326334e-09,2.5450607615162506e-09,2.7098465184372655e-09
2.5001499999998833,1.8903248813321115e-09,1.465052646711466e-09,2.1560246636149987e-09,2.449162225070943e-09,2.429313607135823e-09,2.7200019182837e-09
2.510149999999883,1.883639349526473e-09,1.5220440425904026e-09,2.181484139878016e-09,2.488295906815552e-09,2.3135664527553953e-09,2.730157318130134e-09
2.520149999999883,1.8795533948943042e-09,1.5539192245441545e-09,2.205035893465964e-09,2.5358452825377998e-09,2.2249118960503454e-09,2.746361690756847e-09
2.5301499999998827,1.8830224614229936e-09,1.5128004097733425e-09,2.2230433280291474e-09,2.607852768884067e-09,2.2149952013442095e-09,2.780145890527327e-09
2.5401499999998824,1.8864915279516834e-09,1.4716815950025308e-09,2.2410507625923314e-09,2.6798602552303345e-09,2.205078506638074e-09,2.813930090297807e-09
2.5501499999998822,1.8811909991613465e-09,1.4479944049660878e-09,2.2553186828114243e-09,2.7452874527057237e-09,2.183068878738616e-09,2.837681783539218e-09
2.560149999999882,1.848271703368644e-09,1.4792059832874802e-09,2.2578094603444258e-09,2.7899908358519918e-09,2.1229740379996452e-09,2.829837325510694e-09
2.570149999999882,1.8153524075759413e-09,1.5104175616088728e-09,2.2603002378774272e-09,2.8346942189982595e-09,2.0628791972606747e-09,2.82199286748217e-09
2.5801499999998816,1.8156238578846971e-09,1.5460466106804146e-09,2.273357709274177e-09,2.877325463847152e-09,2.0628150033221598e-09,2.804921081875441e-09
2.5901499999998814,1.929566270513219e-09,1.5968045197557038e-09,2.322603769392584e-09,2.9128600934647304e-09,2.268342493572571e-09,2.7562477407553757e-09
2.600149999999881,2.043508683141741e-09,1.6475624288309931e-09,2.371849829510991e-09,2.9483947230823086e-09,2.473869983822982e-09,2.7075743996353103e-09
2.610149999999881,2.1318348820352658e-09,1.6980244051375977e-09,2.413042490942267e-09,2.97746360990446e-09,2.623267021365462e-09,2.6735243412004165e-09
2.6201499999998807,2.1243734380929775e-09,1.7473797892427378e-09,2.4241207847688007e-09,2.982354908736301e-09,2.562773408719692e-09,2.694155657359952e-09
2.6301499999998805,2.1169119941506888e-09,1.7967351733478778e-09,2.4351990785953345e-09,2.987246207568142e-09,2.5022797960739217e-09,2.714786973519487e-09
2.6401499999998803,2.116700329199992e-09,1.8439391489440782e-09,2.4679993018491076e-09,2.9985807057297387e-09,2.4370187304021593e-09,2.735725532475951e-09
2.65014999999988,2.146227553584402e-09,1.8823179590233472e-09,2.589903766229535e-09,3.0363454705317275e-09,2.3522013778263742e-09,2.757924413926033e-09
2.66014999999988,2.1757547779688124e-09,1.9206967691026162e-09,2.711808230609962e-09,3.0741102353337163e-09,2.2673840252505895e-09,2.7801232953761153e-09
2.6701499999998797,2.194832678431719e-09,1.95528192545117e-09,2.8163449009898665e-09,3.107615784690464e-09,2.1976773054457743e-09,2.815702639893779e-09
2.6801499999998795,2.1666288314227643e-09,1.972701322652165e-09,2.8422947023775937e-09,3.121848972445356e-09,2.196344111831181e-09,2.911826731666912e-09
2.6901499999998792,2.1384249844138097e-09,1.9901207198531594e-09,2.8682445037653214e-09,3.136082160200248e-09,2.1950109182165872e-09,3.0079508234400445e-09
2.700149999999879,2.131009867029725e-09,2.012175481092578e-09,2.8917335743465656e-09,3.151890944287545e-09,2.230644936210027e-09,3.0995906064433294e-09
2.710149999999879,2.2280393310230895e-09,2.0575187580451476e-09,2.902859696176084e-09,3.1756156762142446e-09,2.4520057884431904e-09,3.1687007899623997e-09
2.7201499999998786,2.325068795016454e-09,2.1028620349977174e-09,2.913985818005603e-09,3.199340408140944e-09,2.673366640676354e-09,3.2378109734814696e-09
2.7301499999998784,2.4227872623910386e-09,2.1447671709803896e-09,2.92982350702252e-09,3.2220225427169733e-09,2.857208497391735e-09,3.2961214395233084e-09
2.740149999999878,2.524379662684237e-09,2.167341302435115e-09,2.972152060559169e-09,3.238842656426757e-09,2.8300991806129624e-09,3.29371031524039e-09
2.750149999999878,2.625972062977436e-09,2.189915433889841e-09,3.014480614095818e-09,3.255662770136541e-09,2.80298986383419e-09,3.291299190957471e-09
2.7601499999998778,2.71880850564075e-09,2.2103573262630074e-09,3.0569805150734498e-09,3.2710387708908702e-09,2.783225671371314e-09,3.2895486601986535e-09
2.7701499999998775,2.7560188645319597e-09,2.217253229175445e-09,3.100568976264493e-09,3.277240406986061e-09,2.81012462162604e-09,3.2919948412404446e-09
2.7801499999998773,2.7932292234231692e-09,2.2241491320878825e-09,3.144157437455537e-09,3.283442043081251e-09,2.8370235718807653e-09,3.2944410222822356e-09
2.790149999999877,2.830539777193359e-09,2.235317316255487e-09,3.1755781138697705e-09,3.289166251948481e-09,2.8696131337037856e-09,3.2965479179814245e-09
2.800149999999877,2.8685781929357323e-09,2.277521328718351e-09,3.1186063702835646e-09,3.2914222084733483e-09,2.94354193163515e-09,3.296190087927048e-09
2.8101499999998767,2.906616608678106e-09,2.319725341181215e-09,3.0616346266973586e-09,3.293678164998216e-09,3.0174707295665144e-09,3.2958322578726713e-09
2.8201499999998765,2.935251247478672e-09,2.3585932311295428e-09,3.0190308711956888e-09,3.295740143191557e-09,3.088834007221965e-09,3.2955464146266476e-09
2.8301499999998763,2.883729882812338e-09,2.3690246482121297e-09,3.0988971093830836e-09,3.2961486870350064e-09,3.1383292787131745e-09,3.295874173223331e-09
2.840149999999876,2.832208518146004e-09,2.3794560652947163e-09,3.1787633475704784e-09,3.296557230878456e-09,3.1878245502043844e-09,3.296201931820014e-09
2.850149999999876,2.7870256337173623e-09,2.390104018894169e-09,3.2520593885161534e-09,3.296929005776e-09,3.2347765724074075e-09,3.296506703048402e-09
2.8601499999998756,2.8059318272573285e-09,2.402941397275595e-09,3.2589234351188066e-09,3.296929005776e-09,3.2560135184704258e-09,3.2965790464417688e-09
2.8701499999998754,2.824838020797295e-09,2.415778775657021e-09,3.26578748172146e-09,3.296929005776e-09,3.2772504645334436e-09,3.296651389835135e-09
2.880149999999875,2.8429124150867036e-09,2.428752692804867e-09,3.272753448235539e-09,3.296927625763637e-09,3.2968887975617274e-09,3.2965104649890842e-09
2.890149999999875,2.8507279519507164e-09,2.4434105880721967e-09,3.280976426990763e-09,3.2969092255987945e-09,3.296810903158079e-09,3.2937392318564145e-09
2.9001499999998748,2.8585434888147296e-09,2.4580684833395265e-09,3.289199405745987e-09,3.2968908254339522e-09,3.2967330087544306e-09,3.2909679987237447e-09
2.9101499999998746,2.8707235746360204e-09,2.4732451471760017e-09,3.296711339263767e-09,3.29687463328889e-09,3.296660240599776e-09,3.2884377837728153e-09
2.9201499999998743,2.951281594136515e-09,2.4965491852642263e-09,3.293083564059124e-09,3.296893033453733e-09,3.296667783679378e-09,3.2896835203366626e-09
2.930149999999874,3.03183961363701e-09,2.519853223352451e-09,3.28945578885448e-09,3.296911433618575e-09,3.2966753267589797e-09,3.29092925690051e-09
2.940149999999874,3.1082021642521304e-09,2.540230879831094e-09,3.286149068651911e-09,3.296929005776e-09,3.296686209136954e-09,3.2921875983383836e-09
