V,didv_0,didv_1,didv_2,didv_3,didv_4,didv_5
-2.96985,-3.3336278413976824e-05,-2.817518240522644e-05,0.0047668993636407414,-3.474714323103895e-05,-4.716126138845835e-05,-6.294855080136592e-05
-2.9598500000000003,-3.3336278413976824e-05,-2.817518240522644e-05,0.0047668993636407414,-3.474714323103895e-05,-4.716126138845835e-05,-6.294855080136592e-05
-2.9498500000000005,-3.3336278413976824e-05,-2.817518240522644e-05,0.0047668993636407414,-3.474714323103895e-05,-4.716126138845835e-05,-6.294855080136592e-05
-2.9398500000000007,-3.3336278413976824e-05,-2.817518240522644e-05,0.0047668993636407414,-3.474714323103895e-05,-4.716126138845835e-05,-6.294855080136592e-05
-2.929850000000001,-3.3336278413976824e-05,-2.81751824057076e-05,0.0047668993636407414,-3.474714323103895e-05,-4.716126138845835e-05,-6.294855080136592e-05
-2.919850000000001,-3.3336278413976824e-05,-2.8175182406196088e-05,0.0047668993636407414,-3.474714323103895e-05,-4.716126138845835e-05,-6.294855080136592e-05
-2.9098500000000014,-3.3336278413976824e-05,-2.817518240668458e-05,0.0047668993636407414,-3.474714323103895e-05,-4.716126138845835e-05,-6.294855080136592e-05
-2.8998500000000016,-3.333627841214271e-05,-2.8175182404330068e-05,0.004766899363642169,-3.4747143229103814e-05,-4.716126138549403e-05,-6.294855080017768e-05
-2.889850000000002,-3.333627841025187e-05,-2.817518240188763e-05,0.004766899363643641,-3.474714322710883e-05,-4.7161261382438024e-05,-6.294855079895267e-05
-2.879850000000002,-3.333627840836103e-05,-2.8175182399445195e-05,0.004766899363645113,-3.4747143225113835e-05,-4.716126137938202e-05,-6.294855079772767e-05
-2.8698500000000022,-3.861590459067993e-05,-3.2637421071902185e-05,0.011301874261637986,-4.025021483126526e-05,-5.463041637438341e-05,-7.291801448150783e-05
-2.8598500000000024,-4.414430897016175e-05,-3.7309922299721945e-05,0.018144779913987958,-4.601259347654525e-05,-6.245152108133684e-05,-8.335724346981929e-05
-2.8498500000000027,-4.9672713349643564e-05,-4.1982423527541704e-05,0.02498768556633793,-5.1774972121825233e-05,-7.027262578829028e-05,-9.379647245813075e-05
-2.839850000000003,-4.480771749688738e-05,-3.787062244889947e-05,0.04146671414577896,-4.6704078915857144e-05,-6.339005364847344e-05,-8.460995094899785e-05
-2.829850000000003,-3.927931311866613e-05,-3.3198121223033655e-05,0.05856081440142015,-4.094170027257214e-05,-5.556894894396482e-05,-7.417072196129891e-05
-2.8198500000000033,-3.3750908740444867e-05,-2.852561999716785e-05,0.07565491465706133,-3.5179321629287144e-05,-4.774784423945619e-05,-6.373149297359995e-05
-2.8098500000000035,-2.3112121405723858e-05,-1.953392122325527e-05,0.0972235296994952,-2.4090277352822964e-05,-3.2697015105911444e-05,-4.364238054436861e-05
-2.7998500000000037,-1.2058978696149636e-05,-1.019201724274271e-05,0.11915494323815717,-1.256934126826121e-05,-1.7059992099739486e-05,-2.2770845133387857e-05
-2.789850000000004,-1.0058359865754147e-06,-8.501132622301567e-07,0.14108635677681913,-1.0484051836994568e-06,-1.4229690935675281e-06,-1.8993097224070928e-06
-2.779850000000004,0.0,0.0,0.16290606572768565,0.0,0.0,0.0
-2.7698500000000044,0.0,0.0,0.18471459193103906,0.0,0.0,0.0
-2.7598500000000046,0.0,0.0,0.2065231181343925,0.0,0.0,0.0
-2.749850000000005,0.0,0.0,0.22588766428985105,0.0,0.0,0.0
-2.739850000000005,0.0,0.0,0.2449624320503676,0.0,0.0,0.0
-2.729850000000005,0.0,0.0,0.26403719981088414,0.0,0.0,0.0
-2.7198500000000054,0.0,0.0,0.27813834544224136,0.0,0.0,0.0
-2.7098500000000056,0.0,0.0,0.2915548400182728,0.0,0.0,0.0
-2.699850000000006,0.0,0.0,0.30497133459430426,0.0,0.0,0.0
-2.689850000000006,0.0,0.0,0.3078015320935392,0.0,0.0,0.0
-2.6798500000000063,0.0,0.0,0.3089653680158627,0.0,0.0,0.0
-2.6698500000000065,0.0,0.0,0.31012920393818627,0.0,0.0,0.0
-2.6598500000000067,0.00025366814018540427,0.0,0.27385850212597773,0.0,0.0,0.0
-2.649850000000007,0.0005524527576007101,0.0,0.23092983188274163,0.0,0.0,0.0
-2.639850000000007,0.0008512373750160159,0.0,0.18800116163950556,0.0,0.0,0.0
-2.6298500000000073,0.004518901951385281,0.0,0.15302323479441257,0.0,0.0,0.0
-2.6198500000000076,0.008857110980019928,0.0,0.11962783001658434,0.0,0.0,0.0
-2.6098500000000078,0.013195320008654577,0.0,0.08623242523875607,0.0,0.0,0.0
-2.599850000000008,0.017956980062516868,0.0019581481329201617,0.07392066124418022,0.0,0.0003498398391522832,0.0
-2.589850000000008,0.02281222330998919,0.004349049394119246,0.06626840760587913,0.0,0.0007769947099125038,0.0
-2.5798500000000084,0.027667466557461502,0.006739950655318331,0.05861615396757805,0.0,0.0012041495806727244,0.0
-2.5698500000000086,0.045301542007296525,0.010991511344651475,0.0636067334940858,0.00385376378787684,0.001331440299506431,0.0
-2.559850000000009,0.06605085515822172,0.015696665625920224,0.071679396727454,0.008647002330017245,0.0013856298071735808,0.0
-2.549850000000009,0.08680016830914691,0.02040181990718898,0.07975205996082221,0.013440240872157649,0.0014398193148407307,0.0
-2.5398500000000093,0.09789301409226643,0.022618635390985194,0.11927110724114698,0.01827022818456091,0.0011611215783986274,0.0006290010361397296
-2.5298500000000095,0.1064034585894316,0.024170001589268682,0.16719977053407453,0.02311004311486722,0.0007934007640003372,0.0014262140097017646
-2.5198500000000097,0.11491390308659677,0.025721367787552178,0.2151284338270021,0.02794985804517353,0.0004256799496020468,0.0022234269832638
-2.50985000000001,0.1222167402455564,0.0444649315479306,0.24333219505824363,0.04075275873041728,0.007131803311634966,0.002403597115289579
-2.49985000000001,0.12916696854348772,0.06822843929933564,0.2657764887623981,0.05588079815031951,0.015903416058528554,0.002403597115289579
-2.4898500000000103,0.136117196841419,0.0919919470507407,0.28822078246655264,0.07100883757022175,0.02467502880542214,0.002403597115289579
-2.4798500000000105,0.13848470696753162,0.11617772979065605,0.27645337360093974,0.10511545646788437,0.03309304092859368,0.002043797673764932
-2.4698500000000108,0.1393970984119386,0.14049759457567232,0.25382296036199176,0.14524821193230134,0.041398776700885764,0.0015697536137845032
-2.459850000000011,0.1403094898563455,0.16481745936068853,0.23119254712304374,0.18538096739671828,0.04970451247317786,0.0010957095538040745
-2.449850000000011,0.14717310811337905,0.16807976759113155,0.1867680719425461,0.23446124176639355,0.06670621557373718,0.002239915650550349
-2.4398500000000114,0.15608446032745735,0.16409646496404492,0.13484456469609543,0.28662023231854117,0.0867000794754381,0.0039409390055284
-2.4298500000000116,0.1649958125415356,0.1601131623369583,0.08292105744964476,0.33877922287068885,0.106693943377139,0.005641962360506449
-2.419850000000012,0.2014431662975533,0.16732204797349223,0.05754217881734754,0.3742403747809075,0.11344776162623073,0.017816165390230218
-2.409850000000012,0.24812681143616272,0.17869154131847467,0.042031056501206414,0.40349423688044134,0.11527969733502319,0.03388369035667929
-2.3998500000000123,0.2948104565747722,0.19006103466345714,0.0265199341850653,0.4327480989799752,0.11711163304381567,0.04995121532312837
-2.3898500000000125,0.3471927973748997,0.22221699850232468,0.043230560192307144,0.45032284542494916,0.10106861165650105,0.06940878991647594
-2.3798500000000127,0.4018690030486115,0.2627400269018943,0.07291123075616336,0.4631964611646234,0.07783048131180452,0.09023094269064492
-2.369850000000013,0.45654520872232324,0.3032630553014639,0.1025919013200196,0.4760700769042977,0.054592350967107975,0.11105309546481393
-2.359850000000013,0.5190257441400583,0.35043162847956716,0.12868488404801887,0.47460513075556493,0.0543666355134022,0.13675539034748196
-2.3498500000000133,0.5848829379857436,0.4004754946707496,0.15322560069229982,0.466936394219547,0.06409758094382423,0.16456915072696326
-2.3398500000000135,0.6507401318314291,0.45051936086193206,0.17776631733658083,0.45926765768352906,0.07382852637424626,0.19238291110644454
-2.3298500000000137,0.680474163890729,0.48410452352828776,0.2669799109352323,0.4687258656606788,0.10878479035582185,0.22043571934117442
-2.319850000000014,0.6934423946522883,0.5100507271647705,0.38621005211026077,0.4861331825846933,0.15544885225945657,0.24859947658046405
-2.309850000000014,0.7064106254138476,0.5359969308012533,0.5054401932852891,0.5035404995087076,0.2021129141630913,0.27676323381975365
-2.2998500000000144,0.7268942009299352,0.5539441153780388,0.6267851027476147,0.5464158667056663,0.2644755637050357,0.30900268423767174
-2.2898500000000146,0.7511129477911114,0.5679157395838115,0.7491810647120166,0.6019490073916546,0.33464050530678896,0.34326777857072954
-2.279850000000015,0.7753316946522878,0.5818873637895842,0.8715770266764188,0.6574821480776429,0.4048054469085422,0.3775328729037874
-2.269850000000015,0.8146163573171391,0.5981956699044361,0.9337656337102682,0.6950562056992686,0.4506564941081299,0.4176626432053808
-2.2598500000000152,0.8619069507383598,0.6157456737565864,0.9639604395786685,0.7230869220906117,0.4835872942057166,0.4609088645959408
-2.2498500000000154,0.9091975441595805,0.6332956776087366,0.9941552454470689,0.7511176384819547,0.5165180943033033,0.5041550859865008
-2.2398500000000157,0.9298947299434155,0.643542769517089,1.0,0.7735601876422955,0.526809394423332,0.5345839041194712
-2.229850000000016,0.9355028662526457,0.6496462029243875,0.9920285812359114,0.7928320212264038,0.5242550848381404,0.5577401517520052
-2.219850000000016,0.941111002561876,0.6557496363316857,0.9840571624718228,0.8121038548105122,0.5217007752529489,0.5808963993845393
-2.2098500000000163,0.9550064131656907,0.6633379730582576,0.9429223051194232,0.8385185867641408,0.5451240784428069,0.5930217842478999
-2.1998500000000165,0.9739167554052681,0.6718248788881519,0.8817190427142464,0.8692557467841063,0.5842673816587676,0.5984719921224844
-2.1898500000000167,0.9928270976448456,0.6803117847180462,0.8205157803090695,0.8999929068040717,0.6234106848747283,0.6039221999970689
-2.179850000000017,1.0,0.6762363243680278,0.7882263593957,0.9309148593738961,0.6520531192091974,0.6142410074250739
-2.169850000000017,0.9996053424296173,0.6640614437177452,0.7745787573390225,0.9619559545087618,0.6739252565016038,0.627698780354649
-2.1598500000000174,0.9992106848592348,0.6518865630674624,0.760931155282345,0.9929970496436277,0.6957973937940105,0.6411565532842239
-2.1498500000000176,0.9959400791367001,0.6395238158185053,0.7680125039947114,1.0,0.6959631742024088,0.6581017442849364
-2.139850000000018,0.9906955933164684,0.6270321280878264,0.7893209740613139,0.990504594665112,0.681230999717291,0.6774404920393811
-2.129850000000018,0.9854511074962364,0.6145404403571475,0.8106294441279163,0.9810091893302239,0.6664988252321729,0.6967792397938257
-2.119850000000018,0.9867318713160778,0.6336117746223666,0.8258891636683737,0.9497182489270501,0.6550018245284203,0.7314264957404877
-2.1098500000000184,0.992776744734762,0.6757273913830307,0.8367326674267349,0.9025143054116196,0.6458668365162703,0.777250551786048
-2.0998500000000186,0.9988216181534461,0.7178430081436946,0.8475761711850959,0.8553103618961893,0.6367318485041203,0.8230746078316082
-2.089850000000019,0.9875712536760708,0.7776559663356123,0.8703439172682848,0.8413978782709007,0.6458413382584891,0.8596202504321412
-2.079850000000019,0.9628963439755406,0.8512055820861752,0.9023672475361801,0.8533261903331862,0.6691121722118458,0.8889639984047732
-2.0698500000000193,0.9382214342750106,0.9247551978367382,0.9343905778040758,0.8652545023954717,0.6923830061652023,0.9183077463774053
-2.0598500000000195,0.8982958743340539,0.9670326720220597,0.9390960546127313,0.887262608925086,0.7349754870228917,0.9281519800912325
-2.0498500000000197,0.8457913109100188,0.9835163360110298,0.9212692873270918,0.9175847065117596,0.793504800728806,0.9219126728469407
-2.03985000000002,0.7932867474859836,1.0,0.9034425200414524,0.9479068040984332,0.8520341144347202,0.9156733656026489
-2.02985000000002,0.7501070397598538,0.9814152518107984,0.8571800835227057,0.9676605695566562,0.8857856898988771,0.9075141602246961
-2.0198500000000204,0.7150975151687277,0.9321045214689927,0.7860030925349759,0.9781546518928792,0.8978276898302123,0.8976727926920963
-2.0098500000000206,0.6800879905776015,0.882793791127187,0.7148261015472461,0.988648734229102,0.9098696897615477,0.8878314251594964
-1.9998500000000208,0.6837150909369971,0.8553980928488147,0.6385225052584788,0.9905094157871205,0.8980787497774306,0.872988985641191
-1.989850000000021,0.723293645401229,0.8483943742126469,0.5574485928401355,0.9843367012541567,0.8641112131922658,0.853493038985569
-1.9798500000000212,0.7628721998654607,0.8413906555764791,0.4763746804217921,0.9781639867211931,0.830143676607101,0.8339970923299471
-1.9698500000000214,0.7835054486812822,0.8443768167247488,0.41126524958743427,0.9611018497037331,0.7930006536121188,0.8076378033654262
-1.9598500000000216,0.7853443504592769,0.8572732570218083,0.3619930933126241,0.933237058508334,0.7527074468878487,0.7744698600784732
-1.9498500000000218,0.7871832522372715,0.870169697318868,0.3127209370378138,0.9053722673129349,0.7124142401635787,0.7413019167915202
-1.939850000000022,0.7710726798704327,0.8722496254383155,0.287207456082402,0.8962022009529447,0.6893561864327863,0.7046104142565023
-1.9298500000000223,0.7360543452112317,0.8629355684506508,0.28672108075113495,0.9067249350871003,0.6844534376008276,0.6642072363739006
-1.9198500000000225,0.7010360105520307,0.8536215114629861,0.2862347054198679,0.9172476692212561,0.6795506887688687,0.6238040584912988
-1.9098500000000227,0.6761089834031044,0.8475854407472316,0.2950023755302403,0.9283836280048406,0.6843552473154538,0.6020461845894991
-1.899850000000023,0.6624705375369603,0.8452162699289014,0.3141220286771163,0.9402055669047416,0.7000188276754233,0.6011457693782759
-1.8898500000000231,0.6488320916708162,0.8428470991105713,0.3332416818239924,0.9520275058046426,0.715682408035393,0.6002453541670529
-1.8798500000000233,0.6410852776972715,0.843057022128843,0.35755851785031406,0.9512476340580197,0.7158982537491193,0.6044403998934551
-1.8698500000000235,0.6403388053379752,0.846331382681662,0.3880505624183544,0.935494494956634,0.6977593512943805,0.6146897897974423
-1.8598500000000238,0.6395923329786788,0.8496057432344809,0.4185426069863948,0.9197413558552483,0.6796204488396416,0.6249391797014295
-1.849850000000024,0.6462291981754787,0.8504971211033698,0.42760962163851696,0.8907553257096079,0.666633040674338,0.6267962140610696
-1.8398500000000242,0.6621871094273502,0.8483801181178567,0.40962874784449055,0.8450635190871228,0.6601491026753981,0.6180583742266124
-1.8298500000000244,0.6781450206792214,0.8462631151323434,0.39164787405046414,0.7993717124646379,0.6536651646764581,0.6093205343921553
-1.8198500000000246,0.6896430467930936,0.841485927118963,0.37810333968454735,0.7606277899682168,0.6577335618317982,0.6044929662735997
-1.8098500000000248,0.6951562621713703,0.8331389826161604,0.37051201958638796,0.7312073747417598,0.6759623525315489,0.6049126714413068
-1.799850000000025,0.7006694775496469,0.8247920381133577,0.3629206994882285,0.7017869595153028,0.6941911432312995,0.6053323766090137
-1.7898500000000253,0.6912777057016356,0.8075409281046684,0.36930074994790835,0.6881863784079874,0.7046062642888612,0.6023566748592084
-1.7798500000000255,0.6606137676178279,0.7775819314029796,0.3956205234369439,0.6971636188107488,0.7038698374103682,0.5945351011008644
-1.7698500000000257,0.62994982953402,0.7476229347012909,0.4219402969259796,0.7061408592135103,0.7031334105318751,0.5867135273425204
-1.759850000000026,0.6053597341080825,0.6994535154865226,0.4216782825328635,0.7042377786282473,0.6978570042778431,0.5734147597033475
-1.749850000000026,0.5899951478074231,0.6236244368876089,0.3810414114820379,0.6858086689350507,0.6856848610880945,0.5517967278068056
-1.7398500000000263,0.5746305615067637,0.5477953582886952,0.34040454043121227,0.667379559241854,0.6735127178983459,0.5301786959102636
-1.7298500000000265,0.5785689701469594,0.4836169329147081,0.30537204873874924,0.6461690525415267,0.6601559520197653,0.5191349271741486
-1.7198500000000267,0.6137357842153793,0.4382869465278547,0.2794063278408065,0.6204587988505555,0.6448827023147283,0.5251982124516904
-1.709850000000027,0.6489025982837995,0.39295696014100134,0.2534406069428637,0.5947485451595844,0.6296094526096913,0.5312614977292321
-1.6998500000000272,0.6619822800856129,0.367657569035336,0.25222409955258274,0.580146017068877,0.6188761199229166,0.5429833633023179
-1.6898500000000274,0.6369661724462121,0.3769068613442218,0.29369492772233746,0.5847020456676767,0.6159732163167785,0.5644651234997121
-1.6798500000000276,0.6119500648068115,0.3861561536531077,0.3351657558920922,0.5892580742664765,0.6130703127106404,0.5859468836971063
-1.6698500000000278,0.5833747977245033,0.3876128895466596,0.3629638205371298,0.5924441037482674,0.6131026514023176,0.6044484085998485
-1.659850000000028,0.548247441667672,0.37472423749362715,0.3655915705113597,0.5931080894009888,0.6185385043241294,0.6174635912555511
-1.6498500000000282,0.5131200856108407,0.36183558544059474,0.36821932048558953,0.5937720750537102,0.6239743572459412,0.6304787739112536
-1.6398500000000285,0.48944447932898133,0.3458063729829979,0.36409871434919333,0.5884847734468274,0.6246187640078618,0.6420828224962534
-1.6298500000000287,0.4882985766106329,0.3235985505899329,0.34670166874276137,0.5714891529878139,0.61583667580228,0.6509106636958294
-1.6198500000000289,0.4871526738922845,0.3013907281968679,0.32930462313632936,0.5544935325288005,0.607054587596698,0.6597385048954053
-1.609850000000029,0.4824616177186759,0.2839830204691535,0.3160815949442326,0.5328876465265127,0.6015020740061389,0.6663320450516433
-1.5998500000000293,0.4703059216609109,0.2766823864779329,0.31164733633895875,0.5015744312124802,0.6027497206299108,0.6682210631352004
-1.5898500000000295,0.458150225603146,0.26938175248671226,0.3072130777336849,0.4702612158984478,0.6039973672536826,0.6701100812187574
-1.5798500000000297,0.447708324527223,0.2636662718619272,0.29853443950574265,0.44090511583385444,0.6094274593350191,0.6676420665744085
-1.56985000000003,0.44115326566507423,0.2615458776303501,0.28022965925762733,0.4159877019886389,0.6243432283692648,0.6552924156123838
-1.5598500000000302,0.43459820680292555,0.25942548339877297,0.26192487900951206,0.3910702881434234,0.6392589974035107,0.6429427646503589
-1.5498500000000304,0.42579848828230754,0.2566522075574978,0.24723465453428453,0.37399113817469964,0.6481503130639784,0.6341501388267681
-1.5398500000000306,0.41152982234630064,0.25228823391112726,0.24135102814502,0.3760093390256135,0.6423634931846814,0.6340239419488359
-1.5298500000000308,0.3972611564102938,0.2479242602647567,0.23546740175575545,0.3780275398765274,0.6365766733053846,0.6338977450709039
-1.519850000000031,0.38606108105384324,0.24335778095289048,0.23237928847416842,0.38390207652951946,0.6270878208093201,0.6343017185421077
-1.5098500000000312,0.3829104969279479,0.2382600911271796,0.23662433276500844,0.39989250854754,0.6078878392749182,0.6360964287262836
-1.4998500000000314,0.37975991280205246,0.23316240130146873,0.24086937705584846,0.4158829405655605,0.5886878577405164,0.6378911389104596
-1.4898500000000316,0.37988000048852294,0.22853170330293293,0.24091755334413045,0.4302742284685916,0.5743223559546857,0.6354957639714144
-1.4798500000000319,0.38926072598870254,0.22522325419438957,0.2290826436019859,0.44013767154021805,0.5736452853345752,0.6212365081660427
-1.469850000000032,0.3986414514888822,0.22191480508584618,0.21724773385984136,0.4500011146118444,0.5729682147144647,0.606977252360671
-1.4598500000000323,0.41008165890980525,0.21784978822067816,0.2076795337376585,0.45619958451519305,0.5748505132893443,0.5909982255979883
-1.4498500000000325,0.42783426213669373,0.21146586042662843,0.2050588907434464,0.4511647626749258,0.5845773824864031,0.569748030941667
-1.4398500000000327,0.4455868653635823,0.20508193263257868,0.20243824774923433,0.44612994083465857,0.5943042516834619,0.5484978362853457
-1.429850000000033,0.4590954436458221,0.19953577610930473,0.20272126547350827,0.43710838387482953,0.6013839001377492,0.5304558495173678
-1.4198500000000331,0.4584756445146634,0.19677856377321026,0.21267058229976032,0.41481496844314103,0.599650939279358,0.5230940006982279
-1.4098500000000334,0.45785584538350477,0.1940213514371158,0.22261989912601238,0.3925215530114525,0.5979179784209668,0.5157321518790882
-1.3998500000000336,0.4515269042540327,0.19047465665881064,0.22651170330716927,0.37118060000601,0.592218488776301,0.5065428415381532
-1.3898500000000338,0.42447589216730897,0.18406243301612837,0.20841698010939708,0.35329673284404745,0.572121968721909,0.49072052271057187
-1.379850000000034,0.3974248800805852,0.17765020937344614,0.19032225691162488,0.33541286568208495,0.5520254486675168,0.4748982038829904
-1.3698500000000342,0.37570689498220394,0.17109672081336608,0.1774756625108835,0.3203181201018466,0.5313319360447399,0.45616078158516
-1.3598500000000344,0.37518835547474827,0.16398168663635446,0.1854910328311203,0.31631047971486675,0.508265303709776,0.4258354604177849
-1.3498500000000346,0.3746698159672925,0.15686665245934278,0.19350640315135711,0.3123028393278869,0.48519867137481204,0.3955101392504099
-1.3398500000000348,0.3718037577519046,0.15035497596869377,0.20511165598174042,0.3084342747421585,0.4623355987049038,0.36863422915599836
-1.329850000000035,0.35866414992199636,0.14648380032057443,0.23242746990527685,0.30517435371676,0.44036337317133506,0.3568541288113552
-1.3198500000000353,0.3455245420920881,0.14261262467245509,0.2597432838288133,0.3019144326913614,0.4183911476377663,0.34507402846671215
-1.3098500000000355,0.33150552709684705,0.13879686981751208,0.2796877120279273,0.29931596472732735,0.39753782263011306,0.3349400371165436
-1.2998500000000357,0.3132231873058215,0.13524979237510892,0.2638960070943001,0.29992419025969547,0.3821088750260107,0.33278630516083996
-1.289850000000036,0.29494084751479605,0.1317027149327058,0.24810430216067292,0.30053241579206363,0.36667992742190825,0.3306325732051364
-1.2798500000000361,0.27957246538462344,0.12843567973301367,0.23292090769727608,0.3011825526200527,0.3514205722917848,0.3288572041968745
-1.2698500000000363,0.27996934136872903,0.12668374487213302,0.2210286288549595,0.3020594403038431,0.33707875593116216,0.329128875750469
-1.2598500000000366,0.2803662173528347,0.12493181001125236,0.2091363500126429,0.30293632798763354,0.32273693957053945,0.3294005473040636
-1.2498500000000368,0.28015922278383276,0.1228212800141058,0.19938343910828552,0.30265063741530346,0.308135251333087,0.3291532110402082
-1.239850000000037,0.276273328887632,0.1185261172363795,0.20266398252139356,0.29528228923986904,0.2919503720161763,0.3257439760869697
-1.2298500000000372,0.2723874349914313,0.1142309544586532,0.20594452593450166,0.2879139410644346,0.2757654926992656,0.32233474113373123
-1.2198500000000374,0.2677014413723403,0.10985695339880848,0.20672658677426559,0.2795688192570402,0.26021907185876497,0.31875302178890597
-1.2098500000000376,0.25746554967523416,0.10493608996933013,0.19017790341421187,0.26444829939915376,0.24910132330716417,0.31397486309287514
-1.1998500000000378,0.24722965797812796,0.1000152265398518,0.17362922005415818,0.24932777954126736,0.2379835747555634,0.30919670439684427
-1.189850000000038,0.23659165798123122,0.09569257784639,0.15768439165056003,0.23489175017727948,0.2277763008539662,0.3052410057240479
-1.1798500000000383,0.2227002362859023,0.09621003019906842,0.14662529880392908,0.22599387117323128,0.22493559457541176,0.3079397563304076
-1.1698500000000385,0.20880881459057332,0.09672748255174685,0.1355662059572981,0.21709599216918307,0.22209488829685728,0.3106385069367673
-1.1598500000000387,0.19581535617289014,0.09739191863719478,0.12592142937898662,0.20863616953716252,0.21931797589534258,0.31313154076427996
-1.149850000000039,0.19137617950579514,0.09945656817698348,0.1297498761994816,0.20434941023885603,0.21714878411197075,0.31366485159321317
-1.139850000000039,0.18693700283870018,0.10152121771677218,0.13357832301997663,0.20006265094054954,0.2149795923285989,0.31419816242214643
-1.1298500000000393,0.1828384909146698,0.10338077547707147,0.13703032608883442,0.1958184394692951,0.21240397486172122,0.3135131770985302
-1.1198500000000395,0.1826576235360922,0.10288177777311636,0.136153226013633,0.19206352800916596,0.20515446203427606,0.29881778601984627
-1.1098500000000397,0.18247675615751455,0.10238278006916122,0.13527612593843158,0.1883086165490368,0.19790494920683094,0.2841223949411623
-1.09985000000004,0.1821365147335136,0.10167079058899664,0.13432058992954513,0.1848949110257276,0.1911863345412093,0.2698069702241823
-1.0898500000000402,0.17950373896365818,0.09789499632777196,0.13223678318219192,0.18638932167084313,0.19210448574232009,0.2609572154797641
-1.0798500000000404,0.17687096319380274,0.09411920206654728,0.1301529764348387,0.18788373231595862,0.19302263694343083,0.2521074607353458
-1.0698500000000406,0.17408340817714765,0.09035488532102094,0.12918539113351382,0.1895125514195536,0.19420824851524712,0.24381996972647907
-1.0598500000000408,0.16835504747104704,0.0868086413737821,0.14942601330854322,0.19369513123447707,0.20047560713090365,0.246215489694007
-1.049850000000041,0.16262668676494646,0.08326239742654323,0.16966663548357264,0.19787771104940055,0.20674296574656015,0.24861100966153496
-1.0398500000000412,0.15708069078052544,0.07977255637896687,0.18891503203640747,0.2020084218542854,0.2129895753749369,0.2507486188634717
-1.0298500000000415,0.1565627506944554,0.07783782385084598,0.18080635071682477,0.20470902995364532,0.2186641057825303,0.24577525981324067
-1.0198500000000417,0.15604481060838535,0.07590309132272513,0.1726976693972421,0.20740963805300522,0.2243386361901237,0.2408019007630096
-1.0098500000000419,0.15548123975007788,0.07398442934620032,0.16420054197202555,0.21000019272960105,0.23003799828519172,0.23584206542019057
-0.9998500000000421,0.15268176105165857,0.07285322439805168,0.13666955536667366,0.2071981296896026,0.23695411306677816,0.2315448917407034
-0.9898500000000423,0.14988228235323928,0.07172201944990304,0.10913856876132179,0.20439606664960414,0.24387022784836462,0.2272477180612162
-0.9798500000000425,0.14702737587586662,0.07060230060271849,0.08172730998234559,0.201567114856917,0.2507495240313518,0.22296537837629735
-0.9698500000000427,0.13314234137734463,0.07176831584934273,0.07814188867249923,0.1933873012746074,0.2503019190868236,0.22163500361301228
-0.959850000000043,0.11925730687882263,0.07293433109596696,0.07455646736265284,0.18520748769229783,0.24985431414229542,0.22030462884972724
-0.9498500000000432,0.10537227238030066,0.0741003463425912,0.07097104605280646,0.17702767410998826,0.2494067091977672,0.2189742540864422
-0.9398500000000434,0.10099999962815705,0.07494834094337802,0.06606697740181648,0.16959889786862278,0.2402779624126197,0.21903200375599138
-0.9298500000000436,0.0967247860675277,0.07579309076335428,0.06114945452499431,0.1621777844994129,0.2310606414961174,0.21910391652967
-0.9198500000000438,0.09244957250689832,0.07663784058333055,0.05623193164817213,0.154756671130203,0.22184332057961506,0.2191758293033486
-0.909850000000044,0.09425930792218146,0.07567726258204956,0.055626056573700955,0.1545088202347213,0.21297698528863584,0.21774410226330346
-0.8998500000000442,0.0962263481325203,0.07467001422674334,0.05513164387575686,0.15444640862357503,0.20411972348736193,0.21627350394370087
-0.8898500000000444,0.09819338834285916,0.07366276587143711,0.05463723117781277,0.15438399701242878,0.19526246168608802,0.21480290562409826
-0.8798500000000447,0.0995728204455534,0.07008958396224932,0.05653232837237957,0.15317964947968296,0.19476274257038836,0.20526168744408857
-0.8698500000000449,0.1009275775386188,0.06640865262904012,0.05852776655754684,0.15192734944339878,0.19461397580465994,0.19538156546037794
-0.8598500000000451,0.10228233463168421,0.06272772129583096,0.06052320474271409,0.15067504940711463,0.1944652090389315,0.18550144347666733
-0.8498500000000453,0.09910939672993034,0.05818014588135472,0.06006475032297066,0.14671533056827912,0.19922684673588292,0.17843569162265896
-0.8398500000000455,0.09567142068566019,0.05358183963412925,0.05946265214217791,0.1425971272795717,0.204275925278404,0.17153468483924017
-0.8298500000000457,0.09223344464139004,0.04898353338690378,0.058860553961385176,0.13847892399086423,0.20932500382092503,0.16463367805582138
-0.8198500000000459,0.08824463892412233,0.04736030203118463,0.055902535219874316,0.1348654296942602,0.2046297695455358,0.16453716382760444
-0.8098500000000461,0.08421411805089321,0.04596237755194639,0.0527660990864894,0.13129015776539132,0.19919658386908287,0.16495596400980025
-0.7998500000000464,0.0801835971776641,0.04456445307270816,0.049629662953104475,0.12771488583652238,0.19376339819262997,0.1653747641919961
-0.7898500000000466,0.07964819283489513,0.043897354760631314,0.04724062267720246,0.12507594315298237,0.1833101568248675,0.1655331348134319
-0.7798500000000468,0.07943955991188785,0.043298584100053654,0.04492145921466137,0.1225245413666325,0.17238757181398595,0.16566715690840925
-0.769850000000047,0.07923092698888057,0.042699813439475987,0.04260229575212029,0.11997313958028262,0.16146498680310437,0.16580117900338662
-0.7598500000000472,0.0769875019271016,0.04093453637678954,0.04216742670285048,0.11941971365059213,0.15069188991279078,0.16180859824454896
-0.7498500000000474,0.07451648059094963,0.039038782836386565,0.04194332040428664,0.11908976600774887,0.13993551361946396,0.15735444727544293
-0.7398500000000476,0.07204545925479766,0.03714302929598359,0.04171921410572279,0.1187598183649056,0.12917913732613714,0.15290029630633692
-0.7298500000000478,0.07012551806229923,0.03561834197540914,0.04447460747587112,0.11488905635670073,0.12484171816286352,0.14699363482936723
-0.7198500000000481,0.06827760860273765,0.03414215675231794,0.04761945150377521,0.11055547419850163,0.12134332143770472,0.1408971155790858
-0.7098500000000483,0.06642969914317605,0.03266597152922672,0.050764295531679306,0.10622189204030252,0.11784492471254594,0.1348005963288044
-0.6998500000000485,0.06370191869597693,0.03214259153891073,0.056857338976389206,0.0995620179122617,0.118711916939864,0.1307039632966464
-0.6898500000000487,0.06084184889172144,0.031762466631913504,0.06339364673007516,0.09255238379288161,0.12023524913740291,0.12690801487132128
-0.6798500000000489,0.05798177908746593,0.03138234172491628,0.06992995448376113,0.08554274967350152,0.12175858133494179,0.12311206644599618
-0.6698500000000491,0.055089352732243344,0.03110730067892239,0.07388838714467795,0.08140171873195216,0.12123918726740802,0.12062003493471934
-0.6598500000000493,0.052191403566050044,0.030850195979141206,0.07740681256075689,0.0777503182555681,0.12037112837962217,0.1183505638145403
-0.6498500000000496,0.04929345439985674,0.030593091279360017,0.08092523797683583,0.07409891777918402,0.11950306949183634,0.11608109269436126
-0.6398500000000498,0.05255696284898041,0.028970359269864365,0.07927534294709417,0.07294694647795902,0.11762160202064521,0.11379625725377734
-0.62985000000005,0.0570019497039448,0.027085764032933203,0.07663440661147344,0.07227424839124706,0.11554581034366707,0.1115084756576062
-0.6198500000000502,0.0614469365589092,0.025201168796002038,0.07399347027585274,0.0716015503045351,0.11347001866668892,0.10922069406143509
-0.6098500000000504,0.06433672480960313,0.023047646589214852,0.07205689784174574,0.07295357012513065,0.10992649261098979,0.10663622977689816
-0.5998500000000506,0.06689456374043218,0.020836723273339786,0.07027066833966224,0.07473775579927278,0.10606968603444858,0.10398844006476099
-0.5898500000000508,0.06945240267126124,0.01862579995746472,0.06848443883757875,0.07652194147341493,0.10221287945790736,0.10134065035262382
-0.579850000000051,0.0677340127914302,0.017607413434785273,0.0659337761499043,0.07519814230391722,0.10060883176410496,0.09817642059685519
-0.5698500000000513,0.06500603118988971,0.016870577625959792,0.06320263541717087,0.07314056673744208,0.09953664679788882,0.09489026247478638
-0.5598500000000515,0.062278049588349205,0.016133741817134308,0.060471494684437466,0.07108299117096695,0.09846446183167266,0.09160410435271756
-0.5498500000000517,0.060498349946663775,0.016149712249375277,0.0577147256368231,0.06701353457274775,0.09691000520151495,0.09098944295425017
-0.5398500000000519,0.05896482855404281,0.016361114557530948,0.054951303363743154,0.06242178463701057,0.09523034868479537,0.09106831408475567
-0.5298500000000521,0.05743130716142184,0.01657251686568662,0.0521878810906632,0.057830034701273396,0.09355069216807575,0.0911471852152612
-0.5198500000000523,0.056340946802558266,0.016951218369701888,0.05114470041713833,0.05543994642998851,0.08869615304146501,0.09083232583714997
-0.5098500000000525,0.05537645601312214,0.01737743731352874,0.050590114301693974,0.05367518887286844,0.08293986245962934,0.09040563647893
-0.49985000000005275,0.054411965223686014,0.017803656257355596,0.05003552818624961,0.051910431315748386,0.07718357187779369,0.08997894712071006
-0.48985000000005297,0.05291258292882452,0.01761575804306863,0.04935058331740668,0.050025319130741236,0.07431705593794548,0.08645189642900022
-0.4798500000000532,0.05124778904246633,0.017237948238377463,0.04862532588303136,0.048102988088562344,0.07234418332155551,0.08196607989938554
-0.4698500000000534,0.04958299515610816,0.016860138433686295,0.04790006844865604,0.046180657046383466,0.07037131070516556,0.07748026336977082
-0.4598500000000536,0.04840034201747611,0.016363358134279967,0.04740638639885996,0.044714529310464046,0.06964770492596692,0.07455195259485915
-0.4498500000000538,0.047379518677036964,0.01582664557185404,0.0469904322696548,0.043401525510522,0.06934341363347205,0.07214641622380481
-0.43985000000005403,0.04635869533659782,0.01528993300942811,0.04657447814044964,0.04208852171057996,0.06903912234097716,0.06974087985275049
-0.42985000000005424,0.04603739113966892,0.014800628540669599,0.04482700578520236,0.041534572625213394,0.06886448255255982,0.06798427140837851
-0.41985000000005446,0.04597011079747869,0.014328539879099404,0.04259600500107361,0.041256267182115766,0.0687369244989942,0.0664633150900602
-0.40985000000005467,0.04590283045528845,0.01385645121752921,0.04036500421694486,0.040977961739018146,0.06860936644542859,0.0649423587717419
-0.3998500000000549,0.04475899057480603,0.013643061982302272,0.03648083141325309,0.042011493106057944,0.06717810812957206,0.06446436135602905
-0.3898500000000551,0.04319336710345728,0.01353102819386392,0.031948964909464465,0.04355898698118916,0.06523607511107836,0.06439498319026941
-0.3798500000000553,0.04162774363210853,0.013418994405425568,0.02741709840567584,0.04510648085632037,0.06329404209258464,0.06432560502450979
-0.3698500000000555,0.04058645928718113,0.013097047612024747,0.02449736331940642,0.04681314529307171,0.06111797041908235,0.06463861273305935
-0.35985000000005574,0.039766165064482675,0.01268663002122091,0.022257083763068956,0.04858689440860289,0.0588432598525994,0.0651127823630527
-0.34985000000005595,0.03894587084178421,0.012276212430417072,0.02001680420673149,0.05036064352413407,0.05656854928611646,0.06558695199304602
-0.33985000000005616,0.040089032691293436,0.011712914737870254,0.018727770876134538,0.04979228015956708,0.05470359531745575,0.06405140858959961
-0.3298500000000564,0.04212094078152883,0.011080416813329889,0.017869313263068804,0.04816377407446312,0.053024115137122664,0.061606181018175006
-0.3198500000000566,0.044152848871764225,0.010447918888789525,0.017010855650003067,0.04653526798935916,0.051344634956789585,0.0591609534467504
-0.3098500000000568,0.044063922197019295,0.010071904216097336,0.016632163595155798,0.044639458211953524,0.04899226812639138,0.05599026790061561
-0.299850000000057,0.04294591974960702,0.009820340870274237,0.01648626436352851,0.0426139467914806,0.04631340186248371,0.05246757415554437
-0.28985000000005723,0.04182791730219476,0.009568777524451136,0.016340365131901215,0.040588435371007675,0.043634535598576024,0.04894488041047313
-0.27985000000005744,0.03923684449410532,0.009407177529780738,0.01590322710600423,0.03864679243859089,0.041630828491456155,0.04665802686864223
-0.26985000000005765,0.035880813543669676,0.009292295057785479,0.015314850216716304,0.036748701996630384,0.0399777281904681,0.04501293902337517
-0.25985000000005787,0.032524782593234026,0.009177412585790216,0.01472647332742838,0.03485061155466988,0.03832462788948003,0.043367851178108104
-0.24985000000005808,0.030559678110016517,0.00901007184274672,0.013886700603017364,0.033604404235935095,0.036910339574815376,0.04224048834959337
-0.2398500000000583,0.029366157214354916,0.008813631113523988,0.012907471980014644,0.032719813674620714,0.03562852656600012,0.04140032123933407
-0.2298500000000585,0.028172636318693312,0.008617190384301256,0.011928243357011927,0.03183522311330633,0.034346713557184876,0.040560154129074766
-0.21985000000005872,0.026720487406505296,0.008253017113101379,0.011665487640008186,0.03126308298196907,0.03302330011793776,0.03958179982171762
-0.20985000000005893,0.025115204026320802,0.0077895288723697975,0.011826957800647658,0.03087594574015801,0.03167525493202929,0.038521624437140314
-0.19985000000005915,0.023509920646136308,0.007326040631638215,0.011988427961287131,0.03048880849834695,0.030327209746120815,0.03746144905256302
-0.18985000000005936,0.022499558719672057,0.006748504246924279,0.011863898050037317,0.029545551888428553,0.02913205121344176,0.03621901497878434
-0.17985000000005957,0.02186478342060663,0.006098966831668301,0.011558810181489102,0.02825120523697196,0.028033413292184006,0.034861517099585286
-0.1698500000000598,0.021230008121541213,0.005449429416412322,0.01125372231294089,0.026956858585515373,0.026934775370926256,0.03350401922038623
-0.15985000000006,0.020891726045270138,0.004951771433001229,0.010627850411484788,0.025851455240440312,0.025757975103283596,0.03234530958008927
-0.1498500000000602,0.02075284173599786,0.004556255479271268,0.009786244675548887,0.024873120140051493,0.02452860905627624,0.03132028910330549
-0.13985000000006043,0.02061395742672558,0.004160739525541307,0.008944638939612984,0.023894785039662674,0.023299243009268885,0.030295268626521703
-0.12985000000006064,0.020337346533451598,0.003948236240874035,0.008189869014562581,0.022902168185050222,0.022172455099287613,0.029243041491985883
-0.11985000000006085,0.019962183987769756,0.0038666895255461816,0.007497235333672831,0.02189933187652316,0.021119068014412958,0.028171346357881266
-0.10985000000006107,0.019587021442087918,0.0037851428102183278,0.00680460165278308,0.0208964955679961,0.020065680929538306,0.027099651223776645
-0.09985000000006128,0.01905784822070742,0.003699911442847048,0.006377314735566045,0.01986309679031477,0.019152520825756213,0.02601525517054792
-0.08985000000006149,0.01841144461179853,0.0036118753790805435,0.006152005400705837,0.01880643436492509,0.018346099188387845,0.02492119138705224
-0.0798500000000617,0.017765041002889642,0.0035238393153140387,0.005926696065845629,0.017749771939535405,0.01753967755101948,0.023827127603556562
-0.06985000000006192,0.01692385136351566,0.003479625995777278,0.0059380586366748825,0.016895527770238995,0.0170937824363629,0.0230573686834985
-0.05985000000006213,0.015925021428449225,0.003470878414424803,0.006140959733680256,0.01620510065531708,0.0169396613647912,0.02255006962488294
-0.049850000000062344,0.014926191493382791,0.003462130833072327,0.00634386083068563,0.015514673540395166,0.016785540293219492,0.022042770566267383
-0.03985000000006256,0.013948875842450649,0.003463791339796686,0.0066153347576604175,0.014897984061076099,0.016551409883471063,0.021620222611739737
-0.02985000000006277,0.012990062804013018,0.003474402961012808,0.00694578236429176,0.014344710073032715,0.01624847022257648,0.02127056189936396
-0.019850000000062984,0.012031249765575385,0.0034850145822289307,0.007276229970923102,0.013791436084989332,0.0159455305616819,0.02092090118698818
-0.009850000000063197,0.011226929408348088,0.0034709120422253166,0.0074710713905157475,0.01353265472455832,0.01599069276988077,0.020579001892153517
0.00014999999993658975,0.010563767850557666,0.0034342283592216803,0.007542010458174103,0.013542949060342183,0.016353913034539057,0.02024419414607993
0.010149999999936377,0.009900606292767242,0.003397544676218045,0.007612949525832459,0.013553243396126043,0.016717133299197346,0.01990938640000634
0.020149999999936163,0.009575515036233714,0.0033640136646233628,0.007367733920229541,0.013680977517173353,0.01696437941802547,0.019743457054860407
0.03014999999993595,0.00957852810849992,0.0033335423868553885,0.0068156835631514616,0.013922689416732978,0.017099070192198175,0.01974142774523708
0.04014999999993574,0.009581541180766125,0.0033030711090874148,0.006263633206073383,0.014164401316292603,0.017233760966370887,0.019739398435613748
0.050149999999935524,0.009670281750118505,0.0033491788516778324,0.005809089121864098,0.01424849091374916,0.017245212713271355,0.019458914868736948
0.06014999999993531,0.00984739615684307,0.003474229548644611,0.005455061252336926,0.014170092532835328,0.017129621141233977,0.018891381381093506
0.0701499999999351,0.010024510563567634,0.0035992802456113904,0.005101033382809755,0.014091694151921498,0.017014029569196596,0.01832384789345006
0.08014999999993488,0.010249647651414283,0.0037398318424903495,0.005010939801220972,0.014073020188104406,0.01715185125977614,0.017791854217058964
0.09014999999993467,0.010527368936237314,0.0038973567185625504,0.005209850753770739,0.01411974366648614,0.017567157101729874,0.017298776161198213
0.10014999999993446,0.010805090221060342,0.004054881594634751,0.005408761706320504,0.014166467144867871,0.017982462943683605,0.01680569810533746
0.11014999999993424,0.011373109135096158,0.004252335641272202,0.005580188388816356,0.014159441246222901,0.018423731122564162,0.016855530885234248
0.12014999999993403,0.012278772512103716,0.00449623120859644,0.005719648183991463,0.014089899578536137,0.018895196032065357,0.01753682193118022
0.13014999999993382,0.013184435889111272,0.00474012677592068,0.0058591079791665696,0.014020357910849369,0.019366660941566548,0.018218112977126198
0.1401499999999336,0.013936944375670073,0.005070973731593546,0.005839795387160624,0.014003599475101727,0.0199762279847021,0.01912851744104055
0.1501499999999334,0.014500132595139555,0.005509304424923858,0.005624218538365683,0.014052088290285952,0.020756508040975227,0.02032213723915954
0.16014999999993318,0.015063320814609033,0.005947635118254169,0.005408641689570742,0.014100577105470177,0.021536788097248356,0.021515757037278534
0.17014999999993297,0.015295603263537686,0.006388425771176875,0.00519286026132169,0.014504765896457857,0.022486026559412297,0.022748534963736904
0.18014999999993275,0.015092983173481702,0.006832449497583862,0.004976809958571383,0.015376443732259914,0.023657323523561907,0.024032777599948894
0.19014999999993254,0.014890363083425718,0.0072764732239908505,0.004760759655821077,0.01624812156806197,0.02482862048771152,0.02531702023616089
0.20014999999993233,0.015068979271984891,0.007688804795747793,0.004789907302002468,0.017723710079412744,0.02680532787022693,0.026694135867148513
0.2101499999999321,0.015780594862075992,0.00805682815129013,0.005161861672958806,0.020043614954923444,0.029908064686603987,0.028201095517214555
0.2201499999999319,0.0164922104521671,0.008424851506832469,0.005533816043915145,0.022363519830434136,0.033010801502981045,0.029708055167280596
0.2301499999999317,0.017196327781394648,0.008758685195446266,0.005898037560980523,0.024901101878126598,0.03567300233127888,0.031052399493103396
0.24014999999993147,0.017889290981277593,0.009041659628279351,0.006250755976983899,0.027762492256586183,0.037679878480773595,0.03215484341121421
0.25014999999993126,0.018582254181160534,0.009324634061112435,0.006603474392987275,0.030623882635045768,0.039686754630268314,0.03325728732932502
0.26014999999993105,0.019026895632831838,0.009582558760936081,0.0069214093205719265,0.03284057975513177,0.04062913081606299,0.03432844882127312
0.27014999999993083,0.0190780347225673,0.009800788471593198,0.0071842246907770505,0.03403566551124694,0.03988465011955363,0.03535003870432766
0.2801499999999306,0.01912917381230276,0.010019018182250315,0.007447040060982175,0.03523075126736211,0.039140169423044276,0.036371628587382195
0.2901499999999304,0.019111441251159246,0.010225754415832771,0.007703741220682153,0.03605627240028102,0.03893092253572105,0.03772674887566395
0.3001499999999302,0.01897734190388485,0.010413071062813525,0.007950111699802658,0.036257370466231675,0.039626016366366465,0.039645408164940776
0.31014999999993,0.01884324255661046,0.010600387709794278,0.008196482178923162,0.03645846853218233,0.04032111019701188,0.041564067454217604
0.32014999999992977,0.018722036081238964,0.010919107060847932,0.008539118749879194,0.03673684328021707,0.04092402844546908,0.043130562312882516
0.33014999999992956,0.018624081594920985,0.011474808075856399,0.009055368936982371,0.03715458469375844,0.04136071021502666,0.04406193696347462
0.34014999999992934,0.01852612710860301,0.012030509090864866,0.009571619124085549,0.0375723261072998,0.04179739198458424,0.04499331161406673
0.35014999999992913,0.018537716245761223,0.012689779481523592,0.01052783790175852,0.038179384911343844,0.0422507759401472,0.04543757732963507
0.3601499999999289,0.018760345966286864,0.013548580805728447,0.012331675418621459,0.039151171951184886,0.042736337387801755,0.044943406369943734
0.3701499999999287,0.018982975686812505,0.014407382129933302,0.0141355129354844,0.04012295899102592,0.04322189883545631,0.04444923541025239
0.3801499999999285,0.019131517525410976,0.015152514888988658,0.015672959574130486,0.04133085099931146,0.043969091715313505,0.044652634253436366
0.3901499999999283,0.019127301312290592,0.015663280190070475,0.016661148351793557,0.04302555588498739,0.04525572919544928,0.04629431694619627
0.40014999999992806,0.019123085099170208,0.016174045491152287,0.017649337129456624,0.04472026077066331,0.04654236667558506,0.04793599963895618
0.41014999999992785,0.019287089973503875,0.01668361854425335,0.018075124521804577,0.046840325963727364,0.04750314177595117,0.04963624384793861
0.42014999999992764,0.01982290935414895,0.017190556403984345,0.01725785138830192,0.04990055350557658,0.04774367209789367,0.05146592498764515
0.4301499999999274,0.020358728734794027,0.017697494263715335,0.016440578254799255,0.0529607810474258,0.04798420241983618,0.053295606127351694
0.4401499999999272,0.020743105599472053,0.018345643272629428,0.015849677516536424,0.05640231825504313,0.04760014612788339,0.05435869372934559
0.450149999999927,0.020767985317597683,0.019329002013556657,0.015796143908153152,0.06074901565444118,0.045733434162678006,0.05360202690099726
0.4601499999999268,0.020792865035723314,0.02031236075448389,0.015742610299769876,0.06509571305383922,0.043866722197472625,0.052845360072648936
0.47014999999992657,0.020591663488951417,0.021114349166301997,0.016063062293191543,0.06929457205120354,0.04152107104322852,0.05179479452183145
0.48014999999992636,0.019812841589930144,0.021452950249519116,0.01733901891521955,0.07311571523077369,0.037951766866678636,0.049993340198009155
0.49014999999992614,0.019034019690908874,0.021791551332736237,0.018614975537247558,0.07693685841034384,0.034382462690128755,0.048191885874186866
0.5001499999999259,0.01883196001798988,0.021892310437296197,0.019823654489337008,0.07988031208359651,0.031682798305400516,0.04666760190408205
0.5101499999999257,0.02021897449192508,0.021337776039237425,0.020846972470957844,0.08040558779661813,0.0313791336025488,0.04590696753416583
0.5201499999999255,0.02160598896586029,0.020783241641178656,0.021870290452578683,0.08093086350963974,0.031075468899697086,0.04514633316424961
0.5301499999999253,0.022980996081914472,0.020319211614676744,0.02278493537068199,0.08048644926782537,0.030004690151562867,0.04392910136087146
0.5401499999999251,0.024320210564283674,0.020124965319960143,0.023375637653573676,0.07715149426880553,0.02664722749765496,0.04135080204877567
0.5501499999999249,0.025659425046652876,0.01993071902524354,0.023966339936465363,0.0738165392697857,0.023289764843747052,0.03877250273667988
0.5601499999999247,0.026846643026778944,0.019698083229931378,0.024552868764070836,0.07117331605246394,0.019375112507193433,0.036832558010681894
0.5701499999999244,0.027542077321736087,0.019341238457464733,0.025125894404495995,0.07076818647369028,0.013657676610322883,0.036958005357282275
0.5801499999999242,0.028237511616693235,0.018984393684998088,0.02569892004492116,0.07036305689491663,0.007940240713452331,0.03708345270388266
0.590149999999924,0.028868951344159254,0.018808776147077454,0.026285720701305648,0.07037373259291217,0.003952222089180629,0.03804785398720362
0.6001499999999238,0.02927481746041357,0.019271964110141298,0.02692107673068917,0.07185007485478771,0.0060602037156507515,0.04196947299330356
0.6101499999999236,0.029680683576667886,0.019735152073205142,0.027556432760072688,0.07332641711666324,0.008168185342120875,0.045891091999403506
0.6201499999999234,0.030423596019753904,0.020316228846605444,0.028069376234200798,0.07469589409661731,0.010905386220429095,0.04881098794535693
0.6301499999999232,0.03246560935369868,0.02135169258802289,0.028110496558438856,0.07565347285400041,0.016067830234576405,0.047869873649593914
0.640149999999923,0.034507622687643465,0.02238715632944034,0.02815161688267692,0.07661105161138351,0.021230274248723716,0.046928759353830896
0.6501499999999227,0.03737999821218115,0.023250572210935096,0.028415371923416276,0.07807096460337959,0.026315477153413536,0.04646901568753056
0.6601499999999225,0.043771734912424955,0.02338478996005477,0.029622729631155132,0.08165994322788311,0.031073305612502673,0.048049486669306266
0.6701499999999223,0.050163471612668764,0.023519007709174443,0.03083008733889398,0.08524892185238664,0.035831134071591816,0.049629957651081975
0.6801499999999221,0.055990283999960075,0.02363101251945354,0.0322637683323252,0.08846952231969107,0.04033315301195883,0.05159619861339188
0.6901499999999219,0.059168571820923346,0.023638876805310623,0.03475851674371816,0.08996306205218434,0.04363586475470296,0.05537103808522043
0.7001499999999217,0.062346859641886625,0.02364674109116771,0.03725326515511111,0.0914566017846776,0.0469385764974471,0.05914587755704897
0.7101499999999215,0.0647867134791061,0.023690456191184834,0.039908447028200025,0.09250000969120205,0.049768927422224406,0.062292830561631554
0.7201499999999212,0.06336989250243472,0.023921412039965315,0.04340153683165148,0.09119248018915382,0.05013224390678607,0.06216047359738887
0.730149999999921,0.06195307152576335,0.024152367888745797,0.04689462663510293,0.08988495068710561,0.05049556039134774,0.06202811663314619
0.7401499999999208,0.06041115117060087,0.02441227655935449,0.05012522541116594,0.0895092999352905,0.050472468906030264,0.06192263733354177
0.7501499999999206,0.05813572086999062,0.024841947726115657,0.05181672957698731,0.094597643805128,0.04818370598153119,0.06197475301610576
0.7601499999999204,0.05586029056938037,0.025271618892876824,0.053508233742808685,0.0996859876749655,0.04589494305703213,0.06202686869866974
0.7701499999999202,0.05393932719885703,0.025655188522483705,0.05504696851290825,0.10488699861668337,0.04423881459757113,0.06252316014492067
0.78014999999992,0.0543780387826921,0.025731861701824513,0.05556872232856777,0.1108380306326711,0.0467941134271051,0.06597631536587714
0.7901499999999197,0.05481675036652718,0.02580853488116532,0.0560904761442273,0.11678906264865886,0.04934941225663907,0.06942947058683362
0.8001499999999195,0.05524004320995624,0.026006158435834127,0.05709881406918924,0.12200520846459446,0.05294940611523864,0.0725852596284598
0.8101499999999193,0.05554525920585113,0.02713002101202712,0.061833417316332046,0.12159358939743657,0.06454968355203126,0.07346381589399617
0.8201499999999191,0.055850475201746,0.028253883588220112,0.06656802056347483,0.12118197033027867,0.0761499609888239,0.07434237215953256
0.8301499999999189,0.05595696785956675,0.02944924865805541,0.07122180100347708,0.1206915451469686,0.08754332030575507,0.07490541463521876
0.8401499999999187,0.05428286773902547,0.03128528746580299,0.0751513962113063,0.11949500460412818,0.0970826602935618,0.07264140327251128
0.8501499999999185,0.0526087676184842,0.03312132627355056,0.07908099141913551,0.11829846406128776,0.10662200028136853,0.07037739190980381
0.8601499999999183,0.05116816458377721,0.03495251120691502,0.08207573463400303,0.11719311643440823,0.11590194200879524,0.06850976328756586
0.870149999999918,0.05222822237724779,0.03673171307808663,0.07505858519252166,0.11706440863125896,0.12240383164057334,0.0708872360057414
0.8801499999999178,0.05328828017071837,0.03851091494925824,0.06804143575104031,0.1169357008281097,0.12890572127235145,0.07326470872391694
0.8901499999999176,0.0545086600703181,0.0403051094998275,0.06124467199873837,0.11655840656982826,0.13535090107091352,0.07534814188864714
0.9001499999999174,0.05784925991425714,0.0422975785032807,0.05736245412489907,0.1128936183234175,0.14104610744205653,0.07354297515476287
0.9101499999999172,0.061189859758196186,0.044290047506733904,0.053480236251059764,0.10922883007700676,0.14674131381319955,0.07173780842087858
0.920149999999917,0.06452401975952375,0.046194674436654745,0.04991347877121064,0.10575590519173796,0.1522230448037723,0.06978376965392998
0.9301499999999168,0.06774795578802006,0.04659580152805044,0.05174612310819807,0.1055669024737838,0.15405094355530746,0.06528164579890934
0.9401499999999166,0.07097189181651636,0.046996928619446134,0.05357876744518549,0.10537789975582963,0.15587884230684268,0.06077952194388869
0.9501499999999163,0.07409650258608215,0.047479978913094856,0.05525330742947983,0.10542226712462596,0.15747403996395967,0.05662719149473649
0.9601499999999161,0.074843499488613,0.04992407862967996,0.05314319982816169,0.11105296731936928,0.15349891890335823,0.060848095219301165
0.9701499999999159,0.07559049639114387,0.05236817834626506,0.05103309222684355,0.1166836675141126,0.14952379784275677,0.06506899894386584
0.9801499999999157,0.07627266233193045,0.05481947109451686,0.0489540719199523,0.12234266175710216,0.1455175081772216,0.06923696221021891
0.9901499999999155,0.0744367523911929,0.05755014577799926,0.04808250194561896,0.12910061487040103,0.14030061002721,0.07134868433201916
1.0001499999999153,0.07260084245045534,0.060280820461481664,0.04721093197128561,0.1358585679836999,0.13508371187719842,0.07346040645381942
1.010149999999915,0.07079534161109027,0.06298498142068334,0.04632237332504881,0.14259587102655735,0.12993473585989526,0.07560348244107967
1.0201499999999148,0.0720003418101807,0.0630642836738447,0.04375193615892824,0.14728881709396227,0.13151005098648805,0.08085059111153985
1.0301499999999146,0.07320534200927112,0.06314358592700606,0.041181498992807666,0.1519817631613672,0.13308536611308086,0.08609769978200003
1.0401499999999144,0.07441034220836155,0.06322288818016743,0.0386110618266871,0.1566747092287721,0.13466068123967365,0.09134480845246021
1.0501499999999142,0.07556376589908684,0.06320018052902719,0.034184691788794276,0.15977953508738732,0.13269304434106027,0.10085833209044442
1.060149999999914,0.07671693041137768,0.06317696026530165,0.029748995455047365,0.16287638044242705,0.13070760366339518,0.11039329499965911
1.0701499999999138,0.07787009492366853,0.0631537400015761,0.025313299121300446,0.1659732257974668,0.12872216298573003,0.11992825790887378
1.0801499999999136,0.07657893927564383,0.06379200693225898,0.02611264784746145,0.16856552228784868,0.1298442022426202,0.12161325798976574
1.0901499999999134,0.07523789954269282,0.06444377360160919,0.027018834227953238,0.1711475218626208,0.13102965945738634,0.1231380547475603
1.1001499999999131,0.07389685980974178,0.06509554027095939,0.027925020608445032,0.17372952143739295,0.13221511667215244,0.12466285150535489
1.110149999999913,0.07217422752335144,0.06800380572379376,0.030381642583243725,0.17787982225525606,0.13696007982519945,0.12636255019724152
1.1201499999999127,0.07043775509253226,0.07099391310143877,0.03289449797339444,0.18208700446537024,0.14183414422992716,0.12806859248259425
1.1301499999999125,0.06870128266171309,0.07398402047908378,0.03540735336354516,0.18629418667548445,0.14670820863465484,0.12977463476794698
1.1401499999999123,0.06865096069215765,0.07766626699674567,0.032133173205350495,0.1958326767578537,0.1454909977061781,0.1391682571989471
1.150149999999912,0.06868938348373771,0.08138494189020463,0.028554412228765796,0.2056517619914459,0.14395319333905263,0.14896648911137153
1.1601499999999119,0.06872780627531776,0.08510361678366359,0.024975651252181097,0.21547084722503812,0.14241538897192715,0.15876472102379596
1.1701499999999116,0.07422079524287177,0.08829392699801106,0.023853474126821126,0.22858080465732092,0.14329268113266744,0.16784471354106942
1.1801499999999114,0.0800929786505218,0.09144750597797646,0.0229020755579882,0.24191953930131063,0.1443378677044602,0.1768747749773893
1.1901499999999112,0.08596516205817183,0.09460108495794188,0.021950676989155277,0.2552582739453003,0.14538305427625295,0.18590483641370917
1.200149999999911,0.08867424019104582,0.09159689526312459,0.030446998633113235,0.275461997168786,0.1534515873079978,0.18841777750245214
1.2101499999999108,0.09110826569129746,0.08805724742260945,0.039764861165239015,0.2962626759209955,0.16213084611894255,0.19036401247394613
1.2201499999999106,0.09354229119154907,0.08451759958209432,0.049082723697364807,0.31706335467320496,0.17081010492988727,0.19231024744544015
1.2301499999999104,0.09072548171437439,0.08317510240399627,0.06459870590700421,0.32381569872465743,0.17775633484312212,0.19893467154590103
1.2401499999999102,0.08735106144307932,0.08206593095998421,0.08077289551609336,0.3290761842236635,0.18451852628932452,0.206055894491967
1.25014999999991,0.08397664117178426,0.08095675951597218,0.09694708512518252,0.33433666972266957,0.19128071773552696,0.213177117438033
1.2601499999999097,0.08244002677691965,0.08110652746559914,0.11330725547509637,0.3161523711376965,0.1880506732807654,0.21651142075211235
1.2701499999999095,0.08113287970747958,0.08141348582322011,0.12969064726734256,0.2950407710526566,0.1835730043208202,0.21937289158116483
1.2801499999999093,0.07982573263803952,0.0817204441808411,0.1460740390595887,0.2739291709676167,0.17909533536087496,0.2222343624102173
1.290149999999909,0.08233917415514791,0.07666241546066611,0.16208223543177117,0.2641740931990218,0.17522200495305837,0.22113288814385273
1.3001499999999089,0.08540340990789103,0.07083094466742712,0.17803634184636558,0.2560562257416282,0.17143579886740934,0.2194600968499554
1.3101499999999087,0.08846764566063414,0.06499947387418813,0.19399044826096,0.24793835828423452,0.1676495927817603,0.21778730555605808
1.3201499999999085,0.09151040165595824,0.06418700412771232,0.19506650994985675,0.26164797178598503,0.17698177376725888,0.22879801491998464
1.3301499999999082,0.09454963187037861,0.06419837506534248,0.19370042459977593,0.27894044304730675,0.18846726392292207,0.24189064930473567
1.340149999999908,0.09758886208479899,0.06420974600297265,0.1923343392496951,0.2962329143086284,0.1999527540785853,0.2549832836894867
1.3501499999999078,0.09559892077715441,0.068435318412077,0.18439955974979577,0.3145390346909502,0.20677296826625885,0.25992778850923887
1.3601499999999076,0.09267941696062723,0.07343981905529974,0.17525066142591159,0.3330325120198207,0.2127308802607367,0.2633662409448339
1.3701499999999074,0.08975991314410005,0.07844431969852247,0.16610176310202737,0.35152598934869117,0.21868879225521454,0.266804693380429
1.3801499999999072,0.09002250184286363,0.08446097153270406,0.17522536413091813,0.34667605088016035,0.2232045771162549,0.26073678490637436
1.390149999999907,0.09094146909428137,0.09068640244247704,0.18811808143185824,0.3370110049307891,0.227422890638533,0.25270797448339755
1.4001499999999067,0.09186043634569914,0.09691183335225004,0.20101079873279837,0.32734595898141783,0.23164120416081108,0.24467916406042076
1.4101499999999065,0.10217134677108886,0.10174776628851924,0.2119531560953023,0.3100380460481875,0.23909406910002265,0.2592414231741417
1.4201499999999063,0.1146283277498771,0.10626619723082333,0.22244985381582652,0.2909837286197663,0.24728603301169946,0.27896576943047274
1.430149999999906,0.12708530872866536,0.1107846281731274,0.23294655153635072,0.27192941119134506,0.2554779969233763,0.2986901156868038
1.440149999999906,0.1370411321520715,0.11418434380451914,0.23056940570081524,0.2596633052200964,0.25624403679132945,0.30979754673016324
1.4501499999999057,0.14636775323672763,0.11730263042776753,0.22495365841982354,0.24910487196846168,0.2551419781200137,0.3187372681891563
1.4601499999999055,0.1556943743213838,0.12042091705101593,0.21933791113883186,0.238546438716827,0.254039919448698,0.32767698964814934
1.4701499999999053,0.16039593163066113,0.1273322448749796,0.21532602252061805,0.22498629135789847,0.2578131600356422,0.31486449938777467
1.480149999999905,0.1638232366752221,0.13528859425430073,0.21175601332992902,0.2105991411326285,0.2629295953162637,0.29605905283703543
1.4901499999999048,0.16725054171978307,0.1432449436336219,0.20818600413923996,0.19621199090735852,0.2680460305968852,0.27725360628629614
1.5001499999999046,0.16940330790457814,0.14735922660241735,0.207198059368139,0.2013450451845351,0.275782382974831,0.2661274307510173
1.5101499999999044,0.17117321521210183,0.15031939079243653,0.20698574123027177,0.21234177597706486,0.28430573255630653,0.2573080323349404
1.5201499999999042,0.17294312251962551,0.1532795549824557,0.2067734230924046,0.22333850676959463,0.292829082137782,0.24848863391886344
1.530149999999904,0.17535280149999294,0.159882372294696,0.2137108775939488,0.2347634032441911,0.29551396882224296,0.25128365386083745
1.5401499999999038,0.17797121235241303,0.16767364142140942,0.2229810165376497,0.24632799303151148,0.2962939989115583,0.25786799332035554
1.5501499999999035,0.1805896232048331,0.17546491054812283,0.2322511554813506,0.25789258281883193,0.2970740290008735,0.2644523327798736
1.5601499999999033,0.19612930853162538,0.18445820349189831,0.23334005514192865,0.26401000438902944,0.29930113044073975,0.2692857221660273
1.5701499999999031,0.21623252922780836,0.19387602717487395,0.23153950493376266,0.2682035952356273,0.30203930850105626,0.27350071105262636
1.580149999999903,0.23633574992399137,0.2032938508578496,0.22973895472559666,0.2723971860822252,0.30477748656137277,0.27771569993922535
1.5901499999999027,0.2648256892922533,0.2064412071501813,0.22345445030626426,0.2978245018418418,0.30570654560650035,0.2851056924739416
1.6001499999999025,0.29651277555776173,0.20719816427137774,0.2154605931765145,0.3313464420162072,0.30594594049663293,0.29370604551545754
1.6101499999999023,0.32819986182327004,0.20795512139257422,0.20746673604676474,0.3648683821905727,0.30618533538676546,0.3023063985569735
1.620149999999902,0.34481018260350943,0.2076403474148186,0.20435324548225453,0.3893420510753782,0.3044936435003741,0.3207944674596833
1.6301499999999018,0.3552024023641065,0.20688356004594885,0.20325256146734508,0.4100839470552734,0.30200551469481374,0.34336052087031005
1.6401499999999016,0.3655946221247035,0.20612677267707907,0.20215187745243562,0.4308258430351686,0.29951738588925336,0.3659265742809367
1.6501499999999014,0.364027484174016,0.20207651578779398,0.20855087346739246,0.43080932004508593,0.2957804039936318,0.37754025619806675
1.6601499999999012,0.35716233349961424,0.19656724714841617,0.21827223855778272,0.4215967874964495,0.29149017837699087,0.3843020217390655
1.670149999999901,0.3502971828252124,0.1910579785090384,0.227993603648173,0.41238425494781306,0.28719995276035,0.39106378728006436
1.6801499999999008,0.34862406209970775,0.19130201053652623,0.24361744350332884,0.3969325502138469,0.2799585638917396,0.3872922141690337
1.6901499999999006,0.34941677270697713,0.19427843609618936,0.2620445235861259,0.3785176988076574,0.2713155901157881,0.37851808199294784
1.7001499999999004,0.3502094833142464,0.19725486165585243,0.280471603668923,0.36010284740146803,0.26267261633983663,0.369743949816862
1.7101499999999001,0.34523633939019727,0.20017494549615156,0.28500536743247484,0.34619310189697294,0.2609086085663784,0.37102228369725704
1.7201499999999,0.33733243682792646,0.20306639108693855,0.2824772192808013,0.3345732820168199,0.26264114912315184,0.3774102421043265
1.7301499999998997,0.3294285342656557,0.20595783667772555,0.2799490711291278,0.3229534621366668,0.26437368967992525,0.38379820051139607
1.7401499999998995,0.3183172102807421,0.2090183061443699,0.2818519941165175,0.3245623681595531,0.27360462361932636,0.37948914346328116
1.7501499999998993,0.3054635833007359,0.21217059104975558,0.28616191871041785,0.3333572487473696,0.28690875890255635,0.3693693619701189
1.760149999999899,0.29260995632072984,0.21532287595514127,0.2904718433043182,0.34215212933518624,0.30021289418578634,0.35924958047695665
1.7701499999998989,0.2941501488863906,0.21722932403611722,0.3124451346426789,0.34820101585465346,0.3167443407227048,0.349497851702747
1.7801499999998986,0.30403557332170295,0.21841346229943404,0.34465927210347036,0.3526578331432708,0.3351469140055238,0.3399595121036739
1.7901499999998984,0.3139209977570152,0.21959760056275082,0.37687340956426185,0.3571146504318882,0.3535494872883428,0.3304211725046009
1.8001499999998982,0.3324203274446441,0.21455506660918874,0.38711520229018914,0.3544598430538017,0.36893178950271793,0.33428383772516246
1.810149999999898,0.35624410989364313,0.20566368348580433,0.3837753838687382,0.34740917706277347,0.38244719277179323,0.3464299719446252
1.8201499999998978,0.3800678923426422,0.1967723003624199,0.3804355654472874,0.3403585110717453,0.39596259604086853,0.3585761061640881
1.8301499999998976,0.39871975437479934,0.19318970257978463,0.3588045135778018,0.3355805377365068,0.40193439742138803,0.36227676537951803
1.8401499999998974,0.41396655437449564,0.19310227524551982,0.3251309746781671,0.3322988479574658,0.4029396814720824,0.3604171367396507
1.8501499999998972,0.42921335437419195,0.19301484791125503,0.2914574357785324,0.32901715817842475,0.40394496552277676,0.3585575080997834
1.860149999999897,0.43443586792178174,0.19476118371964066,0.2648818455111841,0.33792955605150754,0.4192148442455171,0.3605753522705542
1.8701499999998967,0.43263456171011394,0.19779240118585634,0.2432796478231323,0.35538611057916286,0.44447964304501403,0.36531006514549313
1.8801499999998965,0.4308332554984462,0.20082361865207204,0.2216774501350805,0.3728426651068182,0.4697444418445109,0.3700447780204321
1.8901499999998963,0.42189706554576456,0.21051503758897705,0.21099155695117847,0.39033904366160277,0.5181154535357462,0.38624428400181304
1.900149999999896,0.4076439552483328,0.22516964331140513,0.20844050150457002,0.40786509910920565,0.5837052312046249,0.4109873618098221
1.9101499999998959,0.393390844950901,0.23982424903383318,0.20588944605796156,0.42539115455680854,0.6492950088735039,0.4357304396178311
1.9201499999998957,0.384878662084019,0.2468780997968599,0.21508134265823708,0.4325720002109873,0.7043010660111193,0.4626408837016766
1.9301499999998954,0.3809139521999513,0.24791128086060799,0.2335750041419217,0.43155825316106766,0.7509236025841894,0.49126813046287016
1.9401499999998952,0.37694924231588356,0.24894446192435607,0.2520686656256063,0.4305445061111481,0.7975461391572595,0.5198953772240636
1.950149999999895,0.37362597525382457,0.24253858143898627,0.2742633581416976,0.4454340799980126,0.8276979482791772,0.5262808454715416
1.9601499999998948,0.3708425597012873,0.2298718333144074,0.29957291471281905,0.4737082168101395,0.8439876534499076,0.513947174158803
1.9701499999998946,0.3680591441487502,0.21720508518982853,0.32488247128394043,0.5019823536222664,0.8602773586206378,0.5016135028460643
1.9801499999998944,0.37798262543599337,0.20790978836118518,0.35175232714633814,0.5292443870169902,0.8848191640224427,0.48678231955864454
1.9901499999998942,0.39926530238352065,0.20162836466085404,0.3800169960116023,0.5556016612961181,0.9167378469038532,0.4697185119301275
2.000149999999894,0.4205479793310479,0.19534694096052294,0.40828166487686657,0.5819589355752459,0.9486565297852637,0.4526547043016104
2.0101499999998937,0.4354179083374302,0.18468466634631328,0.42567226056497676,0.5849141585465439,0.9715088964175871,0.4501928725124865
2.0201499999998935,0.4442001019686266,0.16986357224838142,0.4327399056926598,0.5656533990862675,0.9857544482087937,0.4615929554096913
2.0301499999998933,0.45298229559982295,0.15504247815044955,0.43980755082034284,0.5463926396259914,1.0,0.4729930383068962
2.040149999999893,0.4493628157899642,0.14559807574754444,0.4426325265141639,0.535905804573725,0.9881309091537871,0.47368073281818196
2.050149999999893,0.4331919441468718,0.14159527479879222,0.4411636134246375,0.5342988165585163,0.9498319083534837,0.4635267143348047
2.0601499999998927,0.4170210725037793,0.13759247385003998,0.4396947003351111,0.5326918285433074,0.9115329075531805,0.45337269585142753
2.0701499999998925,0.41320329500744923,0.1355956737559143,0.42314548782632744,0.53500287191413,0.8575655863839267,0.4479047264971622
2.0801499999998923,0.42266124939555466,0.13575470030648001,0.39038964648038416,0.5415245797207439,0.7867596968506371,0.4474728016428641
2.090149999999892,0.4321192037836602,0.1359137268570457,0.3576338051344408,0.5480462875273578,0.7159538073173475,0.44704087678856613
2.100149999999892,0.43812796401990367,0.13448429752004978,0.3166300205284041,0.5645610411101768,0.6488877929049003,0.45346830948561984
2.1101499999998916,0.4402000636929307,0.13124191960038353,0.26621263044523635,0.5924811338770387,0.5860902012750986,0.46772451643327084
2.1201499999998914,0.4422721633659577,0.1279995416807173,0.21579524036206854,0.6204012266439006,0.5232926096452967,0.4819807233809218
2.130149999999891,0.4470418218278586,0.12511586226177915,0.2015177557325464,0.6477986165315783,0.5056075109147447,0.4937892747607893
2.140149999999891,0.45508197191889205,0.12266706509595525,0.23105590869034318,0.674562286999332,0.5426163195069253,0.5026303145229482
2.1501499999998908,0.4631221220099254,0.12021826793013134,0.2605940616481399,0.7013259574670858,0.5796251280991058,0.5114713542851069
2.1601499999998905,0.47530856598989285,0.1179381907712374,0.29735567420051484,0.7062059998705387,0.6165901561574582,0.5215044318100863
2.1701499999998903,0.49283680278353,0.11587548057780295,0.3434234829815586,0.6828927182448172,0.6534987804616995,0.533073246773276
2.18014999999989,0.5103650395771672,0.11381277038436852,0.3894912917626024,0.6595794366190959,0.6904074047659411,0.5446420617364656
2.19014999999989,0.5152336710746419,0.11249961252007362,0.41453734286904675,0.6353607992965961,0.6875015448755206,0.541760568466323
2.2001499999998897,0.5027628431846483,0.11221309268009673,0.4107905600028228,0.6099021250244242,0.6300630502326079,0.5190869468567436
2.2101499999998895,0.49029201529465477,0.11192657284011981,0.4070437771365989,0.5844434507522525,0.5726245555896953,0.49641332524716425
2.2201499999998893,0.47075064732648375,0.10944352275686102,0.4021874217496061,0.5743925322887488,0.5409725032177756,0.47077386756195605
2.230149999999889,0.44090748509160244,0.10376012271211381,0.3957144164735568,0.5867907518963957,0.5468913605937644,0.4408131794272924
2.240149999999889,0.4110643228567211,0.09807672266736657,0.38924141119750755,0.5991889715040428,0.5528102179697532,0.41085249129262874
2.2501499999998886,0.3884461899071203,0.09934450613168841,0.38751808300470253,0.6120540876569007,0.579185073266381,0.39779352706661975
2.2601499999998884,0.3770342248290908,0.11139371707996848,0.3931616009005392,0.6256433698799152,0.6372875988087492,0.41094948155730093
2.270149999999888,0.36562225975106133,0.12344292802824856,0.398805118796376,0.6392326521029297,0.6953901243511174,0.42410543604798207
2.280149999999888,0.3698684551304777,0.14288931722122344,0.4034823210409133,0.6316659395791261,0.7113092480313317,0.4597666587558577
2.2901499999998878,0.3999900721689232,0.17455969062285778,0.40656266744781605,0.5891385248593111,0.6575194609386674,0.5326182849119581
2.3001499999998876,0.43011168920736864,0.20623006402449215,0.4096430138547188,0.5466111101394961,0.6037296738460033,0.6054699110680585
2.3101499999998873,0.4486763644483656,0.24065073014660415,0.40678997558798663,0.5099603813249279,0.5178234550856269,0.6676588316497235
2.320149999999887,0.44687272790170673,0.27991859725145174,0.39347975659759826,0.4836669055703879,0.375314243493762,0.711055470030225
2.330149999999887,0.4450690913550479,0.3191864643562993,0.38016953760720995,0.4573734298158478,0.232805031901897,0.7544521084107263
2.3401499999998867,0.4394054212556585,0.34849685983241074,0.36986629624123896,0.45998348380863346,0.11721708283274378,0.7832711884699963
2.3501499999998865,0.426477768706532,0.359068843280023,0.3652217188200591,0.5169854828329629,0.0522907603578502,0.7846575723210842
2.3601499999998863,0.4135501161574054,0.36964082672763515,0.3605771413988792,0.5739874818572921,-0.012635562117043376,0.7860439561721722
2.370149999999886,0.408732119696611,0.37370316936896897,0.356622036134381,0.6342479896499963,-0.05409573958093571,0.790403231302812
2.380149999999886,0.4202311421131796,0.3646678009897675,0.3540541820767715,0.7010647741215745,-0.0483409023817104,0.8007441069600871
2.3901499999998856,0.43173016452974816,0.3556324326105661,0.35148632801916196,0.7678815585931528,-0.04258606518248508,0.8110849826173622
2.4001499999998854,0.44748631857790333,0.3542319069224485,0.35973647869786823,0.821533602475262,-0.005718601036206809,0.8072619177444538
2.410149999999885,0.4724147783185745,0.36928121580305745,0.3912948225478516,0.8468212368208307,0.09818332432761741,0.7729215929894399
2.420149999999885,0.4973432380592456,0.38433052468366635,0.42285316639783505,0.8721088711663995,0.2020852496914416,0.738581268234426
2.430149999999885,0.5208251582477388,0.40229559338332066,0.456599430702408,0.8837206356146304,0.30289304381913,0.7055257753639025
2.4401499999998846,0.5409478387451099,0.4270318119621257,0.4954266132722363,0.8635734862463742,0.3965154634146678,0.6754539950757972
2.4501499999998844,0.561070519242481,0.4517680305409307,0.5342537958420647,0.843426336878118,0.4901378830102056,0.6453822147876919
2.460149999999884,0.5676390009386709,0.4763354433727383,0.5663243121875028,0.8286157544555124,0.5232237664971399,0.6248869690499959
2.470149999999884,0.5403693779334902,0.5004814320669132,0.5815267876780876,0.8271279300728044,0.4051799759141672,0.6282995753031383
2.4801499999998837,0.5130997549283093,0.5246274207610881,0.5967292631686725,0.8256401056900962,0.2871361853311946,0.6317121815562807
2.4901499999998835,0.4824612451268365,0.5452291467413941,0.6155583097884255,0.830811053182109,0.17650024007340537,0.6439788389611358
2.5001499999998833,0.4427603055296392,0.5562966752362296,0.6441429665680279,0.8538943427293151,0.08579167209375868,0.680063220683255
2.510149999999883,0.4030593659324418,0.5673642037310651,0.6727276233476304,0.876977632276521,-0.004916895885888016,0.716147602405374
2.520149999999883,0.38187315828410523,0.5781331071079611,0.7001178414161221,0.8921235433328497,-0.04702256722358658,0.7609530843840775
2.5301499999998827,0.414495390365459,0.588034131235792,0.7240367219802348,0.8842014481486452,0.05212392981307509,0.8311042639850409
2.5401499999998824,0.44711762244681275,0.597935155363623,0.7479556025443475,0.8762793529644408,0.15127042684973674,0.9012554435860042
2.5501499999998822,0.49590109563958684,0.6057327790478887,0.7694036677862239,0.8650060328503045,0.22407840828994113,0.9591166676991822
2.560149999999882,0.5955824194728515,0.6069060005048976,0.7830702026144158,0.8431784400308487,0.2139364588629306,0.9782721813732322
2.570149999999882,0.6952637433061162,0.6080792219619064,0.7967367374426075,0.8213508472113928,0.20379450943592012,0.9974276950472822
2.5801499999998816,0.780361849558199,0.6075261307243341,0.805167564579377,0.8003118945494687,0.17236114242717643,1.0
2.5901499999998814,0.8155156619669253,0.6010608004350084,0.7956672512142207,0.7819738599493634,0.06800938068667779,0.945778483929799
2.600149999999881,0.8506694743756515,0.5945954701456825,0.7861669378490643,0.7636358253492581,-0.03634238105382089,0.891556967859598
2.610149999999881,0.8753825893959548,0.5891931263941383,0.7689627713663151,0.7487506932085126,-0.10189870485716201,0.8305660078827924
2.6201499999998807,0.8610544236577072,0.5877656469950564,0.7229513057830212,0.7467771252413666,-0.022385831814039973,0.7442618192676336
2.6301499999998805,0.8467262579194599,0.5863381675959746,0.6769398401997273,0.7448035572742209,0.05712704122908208,0.6579576306524748
2.6401499999998803,0.8301860280235002,0.5822193885098245,0.6365013694480952,0.7396144043311192,0.15028012050150652,0.5785001674474257
2.65014999999988,0.8045718206635845,0.5670607882575167,0.61892355096685,0.7212347905672809,0.2993858824738821,0.527128251334956
2.66014999999988,0.7789576133036687,0.551902188005209,0.6013457324856049,0.7028551768034424,0.4484916444462578,0.4757563352224862
2.6701499999998797,0.7559096056911431,0.5398909078641412,0.5893211298912879,0.6795761013832036,0.5840189724612292,0.4307035805941807
2.6801499999998795,0.7444732974890219,0.5421208165148689,0.6024240621685939,0.6341276386871743,0.6581057622882585,0.4142441588716813
2.6901499999998792,0.7330369892869009,0.5443507251655965,0.6155269944458999,0.5886791759911448,0.7321925521152877,0.39778473714918205
2.700149999999879,0.7271264234923053,0.5480823852539886,0.626182789971526,0.5428221493273603,0.799690076648676,0.3822603997166495
2.710149999999879,0.7489777201572221,0.5593589893129918,0.6245439345870349,0.49491245790973454,0.8340824972340117,0.37143401588592684
2.7201499999998786,0.7708290168221389,0.570635593371995,0.6229050792025438,0.44700276649210885,0.8684749178193474,0.36060763205520424
2.7301499999998784,0.7898125331480969,0.5782059652117635,0.6193577856286975,0.40135464163951334,0.889385946508509,0.35455516731033976
2.740149999999878,0.7926719070369236,0.5649379850354491,0.6050802667375251,0.3684222122431604,0.8344976260523941,0.37534414166665225
2.750149999999878,0.7955312809257504,0.5516700048591348,0.5908027478463528,0.3354897828468074,0.7796093055962792,0.39613311602296464
2.7601499999998778,0.795959776250644,0.5353461320774096,0.5759772549709454,0.3047806536279942,0.7247496338302502,0.41567899931222585
2.7701499999998775,0.7809450430501224,0.49960835332988174,0.5576705156070942,0.2881960196561949,0.6700719655071397,0.4273275981746939
2.7801499999998773,0.7659303098496009,0.4638705745823539,0.5393637762432432,0.27161138568439563,0.615394297184029,0.43897619703716195
2.790149999999877,0.7518166094347969,0.4297191547852223,0.5185333060358917,0.2549157861137465,0.5739668790846572,0.44732977180141287
2.800149999999877,0.7442484281831119,0.40709178058775664,0.4793692869715683,0.2374140810769795,0.6287954109688693,0.43174676654361466
2.8101499999998767,0.7366802469314269,0.38446440639029095,0.44020526790724507,0.2199123760402125,0.6836239428530816,0.41616376128581656
2.8201499999998765,0.7288652496853931,0.36392997805758404,0.401143709152195,0.2015247630625989,0.7346153601796307,0.39614115173749587
2.8301499999998763,0.7189464399158244,0.36123542162207317,0.36295550255725517,0.17558583954058465,0.7528999438913204,0.3382762008506944
2.840149999999876,0.7090276301462556,0.3585408651865623,0.32476729596231535,0.1496469160185704,0.7711845276030102,0.2804112499638929
2.850149999999876,0.6996076658490845,0.35541199187887135,0.2898986374449301,0.12510298829312447,0.7865894911000373,0.2232992076733599
2.8601499999998756,0.6952315835513659,0.34789169241847134,0.28859429838346473,0.1146640180684529,0.7728782946443946,0.1737999078573633
2.8701499999998754,0.6908555012536475,0.3403713929580713,0.28728995932199947,0.10422504784378137,0.7591670981887517,0.1243006080413667
2.880149999999875,0.6868076251282031,0.3334151159571073,0.28608344569012756,0.09456900038582987,0.7464842414671109,0.07851375571095219
2.890149999999875,0.6868076251282019,0.3334151159571054,0.28608344569012556,0.09456900038582855,0.7464842414671091,0.07851375571094973
2.9001499999998748,0.6868076251282007,0.33341511595710344,0.2860834456901236,0.0945690003858272,0.7464842414671072,0.07851375571094728
2.9101499999998746,0.6868076251281995,0.3334151159571016,0.28608344569012184,0.09456900038582597,0.7464842414671056,0.07851375571094497
2.9201499999998743,0.6868076251281995,0.3334151159571021,0.2860834456901223,0.09456900038582597,0.7464842414671062,0.07851375571094497
2.930149999999874,0.6868076251281995,0.3334151159571026,0.2860834456901228,0.09456900038582597,0.7464842414671068,0.07851375571094497
2.940149999999874,0.6868076251281995,0.3334151159571031,0.2860834456901233,0.09456900038582597,0.7464842414671073,0.07851375571094497
