V,I_0,I_1,I_2,I_3,I_4
-1.4799,-1.911151824342e-09,-2.93709578378e-09,-1.21629563181e-08,-1.21992665416e-09,-1.368178449038e-09
-1.4699,-1.5372309668593262e-09,-2.78458884768099e-09,-1.234917542770396e-08,-1.1842574349570297e-09,-1.2846982515553266e-09
-1.4599,-1.1633101093766525e-09,-2.63208191158198e-09,-1.2535394537307921e-08,-1.1485882157540594e-09,-1.2012180540726534e-09
-1.4499,-1.0217562862549251e-09,-2.7084437224006968e-09,-1.5419319763669162e-08,-1.1792943129136816e-09,-1.1920737163012487e-09
-1.4399,-8.8494464750791e-10,-2.789476323972836e-09,-1.8358300216902997e-08,-1.2113550083664181e-09,-1.1844464368912983e-09
-1.4299,-9.366551378387131e-10,-2.8201433859397014e-09,-1.31693988986162e-08,-1.0982883956700493e-09,-1.157262816004169e-09
-1.4199,-9.941962094812006e-10,-2.849252750805373e-09,-7.729119793581369e-09,-9.807333095257706e-10,-1.1294743598136217e-09
-1.4099,-1.0266768697522546e-09,-2.803587384386138e-09,-6.370364294224349e-09,-9.793316551491485e-10,-1.208252071233327e-09
-1.3999,-1.0581133462161655e-09,-2.7548064041633663e-09,-5.181672278437219e-09,-9.82769727096178e-10,-1.2914700396367927e-09
-1.3899,-9.860822428814283e-10,-2.835554431783931e-09,-3.912549793479941e-09,-1.0538337665494085e-09,-1.2938908297753482e-09
-1.3799,-9.074468259425227e-10,-2.924570268415772e-09,-2.6382934487883982e-09,-1.1292143571200554e-09,-1.2911543532161444e-09
-1.3699,-8.578812607865936e-10,-2.799036760405969e-09,-2.5220791119523878e-09,-1.0956346969244773e-09,-1.2729924321233282e-09
-1.3598999999999999,-8.105037489906732e-10,-2.6573543769930337e-09,-2.493029227320547e-09,-1.0538537275314423e-09,-1.2536694560656167e-09
-1.3498999999999999,-7.863460097347265e-10,-2.7059626885491093e-09,-2.3800128796240583e-09,-9.952566352165935e-10,-1.2587816020199506e-09
-1.3398999999999999,-7.642073811344294e-10,-2.7711180170590103e-09,-2.2596951003567316e-09,-9.35197271343326e-10,-1.2660185411927227e-09
-1.3298999999999999,-6.945402235669961e-10,-2.760844570741343e-09,-4.356224935273311e-09,-9.017174374059997e-10,-1.2127178185891038e-09
-1.3198999999999999,-6.195921183365483e-10,-2.7421901494428356e-09,-6.69907117176585e-09,-8.711908845726664e-10,-1.152690689121442e-09
-1.3098999999999998,-6.574736128781315e-10,-2.7383612925171145e-09,-6.469940874641884e-09,-8.370791439688851e-10,-1.05546764849947e-09
-1.2998999999999998,-7.093003388522111e-10,-2.7363648087161197e-09,-5.922925837408053e-09,-8.025242902698802e-10,-9.536473604314598e-10
-1.2898999999999998,-7.907566061231725e-10,-2.762969234603367e-09,-5.212153935534049e-09,-8.845982360333281e-10,-1.395336770151454e-09
-1.2798999999999998,-8.762532653891627e-10,-2.7934737845390107e-09,-4.479051552118207e-09,-9.825761089961993e-10,-1.911141138660712e-09
-1.2698999999999998,-1.2095343777628517e-09,-2.800250852299453e-09,-3.2701144504648554e-09,-8.785876306260127e-10,-1.6942888636413876e-09
-1.2598999999999998,-1.5831524941308122e-09,-2.8031653066825375e-09,-1.9837158830519194e-09,-7.417209090155648e-10,-1.3581669024662633e-09
-1.2498999999999998,-1.251609951760557e-09,-2.9117861374633854e-09,-2.0201747175994573e-09,-7.214960860692985e-10,-1.3698447666151505e-09
-1.2398999999999998,-7.956272931423975e-10,-3.0390610346673657e-09,-2.2900789760223432e-09,-7.218551275931791e-10,-1.4428990705270907e-09
-1.2298999999999998,-6.884928276201606e-10,-2.890873988948709e-09,-2.2305301710066315e-09,-6.831562340278308e-10,-1.3053668604779868e-09
-1.2198999999999998,-6.478056369733288e-10,-2.690218001720986e-09,-2.1082284015264334e-09,-6.370177337788209e-10,-1.127722933483927e-09
-1.2098999999999998,-6.637611489760847e-10,-2.6418288552273627e-09,-2.0339497059486556e-09,-7.008352629692755e-10,-9.681700300002625e-10
-1.1998999999999997,-6.921504249750896e-10,-2.626864137187562e-09,-1.9702126607397003e-09,-7.887894815488775e-10,-8.125883267993669e-10
-1.1898999999999997,-5.954767896318226e-10,-2.6498227211237323e-09,-1.9033091122992524e-09,-8.387752186358218e-10,-1.0134744141255732e-09
-1.1798999999999997,-4.694674096527181e-10,-2.6816768944122895e-09,-1.8356628038415408e-09,-8.79854768705971e-10,-1.2979764029334341e-09
-1.1698999999999997,-4.688285990595542e-10,-2.619660166159107e-09,-1.9308919166331714e-09,-9.232944923140604e-10,-1.1666618483866381e-09
-1.1598999999999997,-4.99532430812871e-10,-2.534175712520493e-09,-2.066839884737132e-09,-9.673242593066348e-10,-9.313931580011923e-10
-1.1498999999999997,-4.745952601426795e-10,-2.5685239065417928e-09,-2.2200235398232878e-09,-9.454781366161633e-10,-9.989372664040994e-10
-1.1398999999999997,-4.3396447340432134e-10,-2.636671052467166e-09,-2.378068542519805e-09,-9.050516347843223e-10,-1.151890112926786e-09
-1.1298999999999997,-8.314092210674273e-10,-2.722315486609458e-09,-2.2585344741412325e-09,-8.874608402781086e-10,-1.1986792236728073e-09
-1.1198999999999997,-1.3597076997854971e-09,-2.8131863834658937e-09,-2.056087176740242e-09,-8.766911012068215e-10,-1.2137570886673618e-09
-1.1098999999999997,-1.3412028384799197e-09,-2.9703604525419453e-09,-1.94393124547955e-09,-8.683688158778058e-10,-1.0476039046805084e-09
-1.0998999999999997,-1.1404301971664866e-09,-3.1496355790245324e-09,-1.8618724362656195e-09,-8.608623484628803e-10,-8.21040371033195e-10
-1.0898999999999996,-8.553834712371817e-10,-3.233179379043633e-09,-1.8732623196427376e-09,-7.738468174867877e-10,-7.922306060295569e-10
-1.0798999999999996,-5.407269317941965e-10,-3.283087848143136e-09,-1.9174855274437326e-09,-6.588956695838025e-10,-8.329018948736863e-10
-1.0698999999999996,-4.0621287781215385e-10,-3.2689997434542565e-09,-1.8022730033481134e-09,-6.814970939087695e-10,-8.957408685401948e-10
-1.0598999999999996,-3.3832686639784683e-10,-3.2312416731176225e-09,-1.6280910989619746e-09,-7.549741271399578e-10,-9.667788489218285e-10
-1.0498999999999996,-3.0800390887755573e-10,-2.9948061843115816e-09,-1.5471252183899986e-09,-8.167506880920665e-10,-8.935673575862942e-10
-1.0398999999999996,-2.930236071731279e-10,-2.6772207640180493e-09,-1.5042334883899985e-09,-8.737481829020168e-10,-7.614370679437568e-10
-1.0298999999999996,-2.824891406140087e-10,-2.638342700119555e-09,-1.8198213602551899e-09,-8.537389700229087e-10,-7.019455228933373e-10
-1.0198999999999996,-2.738600319743072e-10,-2.7189106461046298e-09,-2.2890433472054386e-09,-8.007268824199235e-10,-6.73584868382392e-10
-1.0098999999999996,-2.672915794425117e-10,-2.641207501057316e-09,-2.5302549848838144e-09,-7.624972046726715e-10,-6.752618566732223e-10
-0.9998999999999996,-2.616489289302101e-10,-2.4923970542418393e-09,-2.6690271902806404e-09,-7.309088994692984e-10,-6.90434017817022e-10
-0.9898999999999996,-4.2027665180900945e-10,-2.3578758919428163e-09,-2.4852847606846057e-09,-7.714583159195675e-10,-6.761911114945653e-10
-0.9798999999999995,-6.583585908977332e-10,-2.2302661639944803e-09,-2.1455486055579286e-09,-8.468992713299005e-10,-6.477207393056433e-10
-0.9698999999999995,-6.934712252015835e-10,-2.1403749223238023e-09,-1.9299398395526857e-09,-8.490513862592999e-10,-6.374411067474702e-10
-0.9598999999999995,-6.244891631029246e-10,-2.069827957276609e-09,-1.777990959950102e-09,-8.136166374624792e-10,-6.364907642571076e-10
-0.9498999999999995,-5.617544557724856e-10,-2.185381306343188e-09,-1.788283943882815e-09,-7.926324996372129e-10,-6.469499036062855e-10
-0.9398999999999995,-5.024133732544122e-10,-2.4020261840641408e-09,-1.886708310476658e-09,-7.794980764137769e-10,-6.636067861769408e-10
-0.9298999999999995,-4.422732151542161e-10,-2.5932269403494716e-09,-1.870268390139564e-09,-8.095125782954472e-10,-6.99642109430016e-10
-0.9198999999999995,-3.8167176105550756e-10,-2.7697391344180263e-09,-1.7875188025836772e-09,-8.644363965627101e-10,-7.468643558530662e-10
-0.9098999999999995,-3.6088805373197224e-10,-2.6220407433323506e-09,-1.9331478714770752e-09,-8.988631312886764e-10,-7.981054553648061e-10
-0.8998999999999995,-3.6440535450471307e-10,-2.2764747004376124e-09,-2.218157795111634e-09,-9.207803738050618e-10,-8.517992848614299e-10
-0.8898999999999995,-3.523759532090607e-10,-2.046259965147746e-09,-2.3093140561669328e-09,-8.916599935861188e-10,-8.021095504166412e-10
-0.8798999999999995,-3.3028089472580196e-10,-1.8907290253911645e-09,-2.2749604500169083e-09,-8.294954853029596e-10,-6.854844936836063e-10
-0.8698999999999995,-3.8991927801274643e-10,-1.71766943742005e-09,-2.254255562518291e-09,-8.015093942335171e-10,-7.084402545391256e-10
-0.8598999999999994,-5.054226063480001e-10,-1.532628988884796e-09,-2.2428795971955503e-09,-7.968843088690682e-10,-8.267997392009433e-10
-0.8498999999999994,-5.977576697056758e-10,-1.5790580462860036e-09,-2.2173965582765404e-09,-7.847622237623377e-10,-8.314828823920687e-10
-0.8398999999999994,-6.733157135968334e-10,-1.7931029528135747e-09,-2.1816980522705788e-09,-7.672112767732667e-10,-7.538486748630572e-10
-0.8298999999999994,-6.899550738432367e-10,-1.7813553272042507e-09,-2.169052486196632e-09,-7.715993730282279e-10,-9.284854894673851e-10
-0.8198999999999994,-6.616000954332515e-10,-1.5971770729966002e-09,-2.174011722575172e-09,-7.927416240004088e-10,-1.2957737195632627e-09
-0.8098999999999994,-6.554444220358682e-10,-1.5238935896693555e-09,-2.1326284876536695e-09,-7.96648379084209e-10,-1.2290561687597215e-09
-0.7998999999999994,-6.671603913020548e-10,-1.5398864020328115e-09,-2.0539370538155364e-09,-7.86679626647764e-10,-8.129404622141411e-10
-0.7898999999999994,-6.343574961050589e-10,-1.5066853869554648e-09,-1.982754731057746e-09,-8.290031061339504e-10,-5.545792931933501e-10
-0.7798999999999994,-5.636311237727687e-10,-1.4315785188730005e-09,-1.917969058479504e-09,-9.158718202208855e-10,-4.3060161910104986e-10
-0.7698999999999994,-4.3107866112911715e-10,-1.4032008582660336e-09,-1.881672273220173e-09,-9.513734952883036e-10,-3.668546666996838e-10
-0.7598999999999994,-2.4303522938249377e-10,-1.4167642130972154e-09,-1.8709452103552278e-09,-9.40771547099128e-10,-3.5716678708732034e-10
-0.7498999999999993,-1.4719996379195208e-10,-1.3699127317974747e-09,-1.927893796698562e-09,-9.606140762354727e-10,-3.528592170399887e-10
-0.7398999999999993,-1.3889954599478366e-10,-1.265708374872487e-09,-2.049088077319526e-09,-1.0093580877451597e-09,-3.536592703029296e-10
-0.7298999999999993,-1.354077672199209e-10,-1.2096732944874958e-09,-2.1016435499697902e-09,-9.777266347073943e-10,-3.4564745250094135e-10
-0.7198999999999993,-1.3672462746736254e-10,-1.2018074906424883e-09,-2.085560214649373e-09,-8.657197171221979e-10,-3.2882376363402623e-10
-0.7098999999999993,-1.4664378002278266e-10,-1.2090188553314316e-09,-2.1333495699583844e-09,-8.008954475090262e-10,-3.050554765403789e-10
-0.6998999999999993,-1.6562448484512621e-10,-1.23211232979022e-09,-2.248421656874968e-09,-7.857728173407045e-10,-2.7397183238243456e-10
-0.6898999999999993,-1.6240076187009536e-10,-1.2021487385446934e-09,-2.211348674108128e-09,-8.175844383000986e-10,-2.5700023225889225e-10
-0.6798999999999993,-1.344376447106815e-10,-1.113070826736447e-09,-2.004760994252191e-09,-9.016885547019865e-10,-2.557517763343518e-10
-0.6698999999999993,-1.1473996435164236e-10,-1.0482409144445852e-09,-1.827326678636643e-09,-8.70865763840249e-10,-2.5341396374953767e-10
-0.6598999999999993,-1.0474518806260558e-10,-1.0118760450632544e-09,-1.6841158775641498e-09,-7.051287774951639e-10,-2.497973411722288e-10
-0.6498999999999993,-9.963684768939379e-11,-9.568077320949486e-10,-1.6348248765762347e-09,-6.411417092841578e-10,-2.4908106002387455e-10
-0.6398999999999992,-1.0059820574076985e-10,-8.785068905455202e-10,-1.7021965869041033e-09,-7.035435528360701e-10,-2.519674451348035e-10
-0.6298999999999992,-1.1923586353913649e-10,-8.35489750120899e-10,-1.7386466886706055e-09,-7.11957321636129e-10,-2.6210304535589154e-10
-0.6198999999999992,-1.6102008474752793e-10,-8.386755162499953e-10,-1.7346059080946373e-09,-6.496753897796243e-10,-2.8173126674894025e-10
-0.6098999999999992,-1.820152761642931e-10,-8.284297815414602e-10,-1.6868932361901353e-09,-6.630672767989241e-10,-2.858079154848289e-10
-0.5998999999999992,-1.7418367448098462e-10,-7.995594597525877e-10,-1.5786235980281877e-09,-7.813911179156655e-10,-2.6832021168179856e-10
-0.5898999999999992,-1.6294172721234476e-10,-7.505174523573468e-10,-1.5387770440236313e-09,-8.006562166890234e-10,-2.490017974391206e-10
-0.5798999999999992,-1.467102595553155e-10,-6.719631758729953e-10,-1.59903716979611e-09,-6.749930076989592e-10,-2.270049546221808e-10
-0.5698999999999992,-1.2667374502624416e-10,-5.933390503170063e-10,-1.631501422623748e-09,-5.987985599504279e-10,-2.1323421438140968e-10
-0.5598999999999992,-1.007602242596949e-10,-5.146070408259433e-10,-1.6210341363228542e-09,-5.990100614985909e-10,-2.121689302824524e-10
-0.5498999999999992,-9.638963901907123e-11,-4.562994848948339e-10,-1.5603131255660187e-09,-5.795454271602554e-10,-2.0549553628283711e-10
-0.5398999999999992,-1.2731763679057152e-10,-4.3145785418991585e-10,-1.4172502602257303e-09,-5.278410028865344e-10,-1.8963312843544513e-10
-0.5298999999999991,-1.443316819787389e-10,-4.2643755877553086e-10,-1.3378619794292083e-09,-4.674623234280937e-10,-1.7596023327415346e-10
-0.5198999999999991,-1.3724341586136056e-10,-4.5575258186987043e-10,-1.3687733887986223e-09,-3.920577483764553e-10,-1.660801005253948e-10
-0.5098999999999991,-1.330588730047624e-10,-4.574149554201761e-10,-1.4213354486562374e-09,-3.583909298887523e-10,-1.5780807113545638e-10
-0.4998999999999991,-1.3421982069641665e-10,-4.0817131503716555e-10,-1.5137543878216624e-09,-4.0155952689372016e-10,-1.5249641383789054e-10
-0.4898999999999991,-1.3615185298378268e-10,-3.7512715362239854e-10,-1.534875419967904e-09,-4.2911996423225796e-10,-1.4591550512381235e-10
-0.4798999999999991,-1.395873865034947e-10,-3.736695868920113e-10,-1.4169760493422832e-09,-4.262467923097157e-10,-1.368597433527597e-10
-0.4698999999999991,-1.4064962129544346e-10,-3.740101753123387e-10,-1.256309906696952e-09,-4.130963641197713e-10,-1.3362098891744238e-10
-0.4598999999999991,-1.367826971912706e-10,-3.780853936610719e-10,-1.0068204683184126e-09,-3.7860086522061583e-10,-1.4246371125633954e-10
-0.4498999999999991,-1.3082169491171946e-10,-3.900745355225705e-10,-8.804674892389371e-10,-3.493170565555364e-10,-1.4298047202169392e-10
-0.43989999999999907,-1.2024298178390027e-10,-4.1951489333528787e-10,-1.0256461896393348e-09,-3.315256930220043e-10,-1.2513742008642314e-10
-0.42989999999999906,-1.1197752600103618e-10,-4.4268833535343274e-10,-1.1596304830038532e-09,-3.184368665878886e-10,-1.1481301507690014e-10
-0.41989999999999905,-1.091354595118604e-10,-4.5116910856892436e-10,-1.2673696949899507e-09,-3.16373051881831e-10,-1.2211593948191504e-10
-0.40989999999999904,-1.0770474840854431e-10,-4.514014160016791e-10,-1.3033666463158728e-09,-3.182263889133722e-10,-1.2695307040540824e-10
-0.39989999999999903,-1.0981480608027805e-10,-4.309402040145951e-10,-1.1593786279154752e-09,-3.2990696626906026e-10,-1.256040878577182e-10
-0.389899999999999,-1.1072387455811487e-10,-4.0914438192085547e-10,-1.052271763301012e-09,-3.442911422055394e-10,-1.273174874453708e-10
-0.379899999999999,-1.0841853078169978e-10,-3.8377651512989225e-10,-1.0438762220547361e-09,-3.6591142022589687e-10,-1.3722726274820098e-10
-0.369899999999999,-1.0510679844453264e-10,-3.6802541816806227e-10,-1.0061009233218033e-09,-3.6544947082461525e-10,-1.4765364691293456e-10
-0.359899999999999,-9.890072381249089e-11,-3.799318530403921e-10,-8.838303530575209e-10,-3.014797200789619e-10,-1.595657821456221e-10
-0.349899999999999,-9.387897203872179e-11,-3.8459933237547537e-10,-8.186937296358364e-10,-2.520710298578566e-10,-1.6304650856677565e-10
-0.339899999999999,-9.250686825677045e-11,-3.6695900995293314e-10,-9.296229424024701e-10,-2.475341792123749e-10,-1.4054473028301195e-10
-0.32989999999999897,-9.223538440537395e-11,-3.469829852799971e-10,-1.0036482978826507e-09,-2.45526490856722e-10,-1.223748109030652e-10
-0.31989999999999896,-9.562786906738092e-11,-3.192313977042395e-10,-9.54820552699342e-10,-2.519383947126584e-10,-1.186256685665525e-10
-0.30989999999999895,-9.649014268672017e-11,-2.9506675133351993e-10,-9.148353217151824e-10,-2.5157526558867004e-10,-1.1222423041804217e-10
-0.29989999999999895,-8.827615467594522e-11,-2.8376902249646084e-10,-9.065695682710691e-10,-2.2690903650918667e-10,-9.630859353108738e-11
-0.28989999999999894,-8.141391364204346e-11,-2.733118522337078e-10,-8.879180361208488e-10,-2.0678420450071177e-10,-8.311410775689127e-11
-0.2798999999999989,-7.979381332332946e-11,-2.66114409124969e-10,-8.289899475250195e-10,-2.042711318651606e-10,-8.04723787370452e-11
-0.2698999999999989,-7.74107148916557e-11,-2.596809666285019e-10,-7.885302907556573e-10,-1.992151483657221e-10,-7.665808931920278e-11
-0.2598999999999989,-7.179586005483006e-11,-2.564835267253722e-10,-8.262955625077686e-10,-1.8338840628574191e-10,-6.787730062398666e-11
-0.2498999999999989,-6.659081108849153e-11,-2.4712627741922914e-10,-8.490621220622818e-10,-1.6860256361473672e-10,-6.040449952104607e-11
-0.2398999999999989,-6.32782364229404e-11,-2.0932316671267505e-10,-8.025649657380514e-10,-1.5862357102337624e-10,-5.897195572624965e-11
-0.22989999999999888,-6.052538510227655e-11,-1.838077453524264e-10,-7.558453274114517e-10,-1.51253942521718e-10,-5.771920506134438e-11
-0.21989999999999887,-6.062575766164564e-11,-2.209295696842694e-10,-7.079915735117994e-10,-1.571857065748725e-10,-5.738296083905427e-11
-0.20989999999999887,-6.002988460074904e-11,-2.5074428710051884e-10,-6.594640466607835e-10,-1.6067697601457561e-10,-5.6278132731761e-11
-0.19989999999999886,-5.551935901266657e-11,-2.394746749052878e-10,-6.071482202355474e-10,-1.5044652408462028e-10,-5.085192900614251e-11
-0.18989999999999885,-5.088778232934691e-11,-2.2855091766166232e-10,-5.597972416967061e-10,-1.3883560274909796e-10,-4.5516123755464214e-11
-0.17989999999999884,-4.5500074891720296e-11,-2.1978750076791855e-10,-5.434585738685035e-10,-1.186017493295349e-10,-4.074498144245528e-11
-0.16989999999999883,-4.0731002257292973e-11,-2.1002022580216645e-10,-5.245858070871547e-10,-1.0173017942584381e-10,-3.615906329893708e-11
-0.15989999999999882,-4.03322851680431e-11,-1.9316117929546002e-10,-4.878108573787592e-10,-1.0861151565038432e-10,-3.2881664288271395e-11
-0.1498999999999988,-3.967929505171496e-11,-1.7643272634647033e-10,-4.491180264560238e-10,-1.1319698056132453e-10,-2.974781855055324e-11
-0.1398999999999988,-3.6989829970771565e-11,-1.6075019837775137e-10,-3.9506486760944985e-10,-9.939479143813684e-11,-2.7763692269143108e-11
-0.1298999999999988,-3.429865120925909e-11,-1.4550715554264197e-10,-3.411455744365401e-10,-8.629479973778879e-11,-2.568301311983051e-11
-0.11989999999999879,-3.159151931832515e-11,-1.3435540214721226e-10,-2.884724740813488e-10,-7.973175930366061e-11,-2.270349644767452e-11
-0.10989999999999878,-2.8892592875236294e-11,-1.2274306170580487e-10,-2.4136141816177043e-10,-7.327281656501723e-11,-1.9878217628411682e-11
-0.09989999999999877,-2.6283144887219802e-11,-1.0610812919160143e-10,-2.549031325161606e-10,-6.794903441046816e-11,-1.8734865871647677e-11
-0.08989999999999876,-2.3670506799656658e-11,-8.993214753584743e-11,-2.6514015446165436e-10,-6.236581180959781e-11,-1.7883050762056945e-11
-0.07989999999999875,-2.1015744897625266e-11,-7.981640335188001e-11,-2.3174021528066693e-10,-5.3356796042537106e-11,-2.0880844561724178e-11
-0.06989999999999874,-1.8344446070127247e-11,-6.977689057506176e-11,-1.980334276748462e-10,-4.442569742177622e-11,-2.3425279888650503e-11
-0.05989999999999873,-1.5399562668681927e-11,-6.099853949897155e-11,-1.5925018279504088e-10,-3.6783649133656613e-11,-1.846941627182821e-11
-0.04989999999999872,-1.2458275085855006e-11,-5.195501517206816e-11,-1.2102905327050743e-10,-2.920022031962108e-11,-1.353628868308946e-11
-0.039899999999998714,-9.595864588501143e-12,-3.7094708802115336e-11,-9.513836241066136e-11,-2.2902655382049684e-11,-9.101893600291839e-12
-0.029899999999998705,-6.719515115308783e-12,-2.2427706455049362e-11,-6.928402393881198e-11,-1.6595333001253237e-11,-4.730090226492245e-12
-0.019899999999998697,-3.394015719668023e-12,-1.3989460646094356e-11,-4.4601053610412233e-11,-9.973600514678283e-12,-2.375153914384251e-12
-0.009899999999998688,-7.455749774704006e-14,-5.549657276702375e-12,-1.998288731392005e-11,-3.3547156241464247e-12,-1.2575138098506475e-14
0.00010000000000132125,2.889194968568598e-12,2.9818556242860105e-12,8.19602061961563e-13,3.096502129310421e-12,2.7999937594999712e-12
0.01010000000000133,5.853439224327983e-12,1.1517315548562072e-11,2.1651485705603795e-11,9.552501550258034e-12,5.609179857358746e-12
0.02010000000000134,8.966218794803301e-12,2.124489611243414e-11,5.13613289479799e-11,1.7452709452373863e-11,7.39665792478549e-12
0.030100000000001348,1.2078998365278621e-11,3.097247667630621e-11,8.107117219035601e-11,2.5352917354489695e-11,9.184135992212232e-12
0.04010000000000136,1.6447061849948205e-11,3.439571203239368e-11,9.786192584452829e-11,3.572648433953188e-11,1.1294076201505323e-11
0.050100000000001366,2.082793306017915e-11,3.775462383398295e-11,1.1452086537117345e-10,4.6125287132976133e-11,1.3407306508417168e-11
0.060100000000001375,2.3033960852554328e-11,4.7533286736342823e-11,1.5262142677995405e-10,6.518150306762358e-11,1.805469518995033e-11
0.07010000000000138,2.51874217618272e-11,5.746711773167411e-11,1.9124024123709124e-10,8.444697233095924e-11,2.2763335548706663e-11
0.08010000000000139,2.896528781054562e-11,6.980573880286792e-11,2.0945038018413265e-10,9.197870659765082e-11,2.484023488070171e-11
0.0901000000000014,3.280556610242006e-11,8.223675575444238e-11,2.2687638518115263e-10,9.905961200154473e-11,2.681601851384962e-11
0.10010000000000141,3.829209840266838e-11,8.588732841458232e-11,2.2789001518889116e-10,1.2294993125640993e-10,2.931564882746866e-11
0.11010000000000142,4.386600559973831e-11,8.907187917888507e-11,2.2803255873974535e-10,1.4773240979738133e-10,3.1843082292620633e-11
0.12010000000000143,4.6638436171802055e-11,9.887958525913142e-11,2.672300485213905e-10,1.220759565758754e-10,3.639158692459562e-11
0.13010000000000144,4.9219312786600866e-11,1.0914015666012498e-10,3.0909796197692957e-10,9.297068750737065e-11,4.107828445686587e-11
0.14010000000000145,5.443147244359829e-11,1.1441755761280556e-10,3.362086312557481e-10,9.289785015718272e-11,4.1192066688571656e-11
0.15010000000000145,5.986314325362808e-11,1.1927924445441428e-10,3.620881978242684e-10,9.524700331870208e-11,4.09243597781943e-11
0.16010000000000146,6.873870771154437e-11,1.28903011659538e-10,4.058098509114359e-10,9.113873878002792e-11,4.7318774474622924e-11
0.17010000000000147,7.795904040043658e-11,1.3900351078224044e-10,4.5131767547626457e-10,8.638402208434982e-11,5.43801342383984e-11
0.18010000000000148,8.483297899060555e-11,1.6516352996310744e-10,4.573857882016934e-10,9.329541863331603e-11,5.529132756033855e-11
0.1901000000000015,9.143456826574458e-11,1.9318760057929414e-10,4.5887607723148484e-10,1.01560917612462e-10,5.5488662277423954e-11
0.2001000000000015,9.42122094829695e-11,1.975014791856097e-10,5.248324159950529e-10,1.0517294473159509e-10,5.713855034462484e-11
0.2101000000000015,9.647825674233365e-11,1.986432459357339e-10,5.994134643601798e-10,1.0816239851798357e-10,5.898277094619464e-11
0.22010000000000152,1.1165649888020502e-10,2.071239242989195e-10,6.123993467940388e-10,1.2747795680315633e-10,6.79207662559841e-11
0.23010000000000153,1.2878122839331482e-10,2.1671092880860654e-10,6.160998820046697e-10,1.4925464246386175e-10,7.792813381752905e-11
0.24010000000000153,1.3773081336412669e-10,2.641339792322446e-10,6.421544160560214e-10,1.5908415333226436e-10,9.278658440520062e-11
0.25010000000000154,1.453051403745537e-10,3.179219719591562e-10,6.71969435893658e-10,1.6690385909542226e-10,1.0846110503464948e-10
0.26010000000000155,1.5356542581145842e-10,3.571261227892704e-10,7.338129586399112e-10,1.7433364918705928e-10,1.304685801651311e-10
0.27010000000000156,1.6195443028801085e-10,3.9359363820407427e-10,8.016665805067767e-10,1.8169027220494304e-10,1.5366442443000944e-10
0.28010000000000157,1.7127620688581182e-10,3.880372181283071e-10,8.033869742428045e-10,2.1970402941455764e-10,1.5741051663618905e-10
0.2901000000000016,1.8079038883069762e-10,3.738124108765692e-10,7.914658939011957e-10,2.64041513942363e-10,1.5714465757332907e-10
0.3001000000000016,1.9398330828216814e-10,4.2792410504919635e-10,8.226544584054034e-10,2.724260762453751e-10,1.7576070279034024e-10
0.3101000000000016,2.0801127857869074e-10,4.975477658027979e-10,8.636286478132523e-10,2.7264954577344264e-10,1.986628244389741e-10
0.3201000000000016,2.2173708494993041e-10,5.057152627537326e-10,9.091320217833516e-10,2.753650182157382e-10,2.0136901607861902e-10
0.3301000000000016,2.3538829224734724e-10,4.987102903369418e-10,9.557535734882698e-10,2.786957232977055e-10,1.990891801100646e-10
0.3401000000000016,2.43124040630293e-10,4.258205520154213e-10,1.013615589090139e-09,2.5244668547975365e-10,2.030142469968494e-10
0.35010000000000163,2.4927783485487097e-10,3.353114403024122e-10,1.0744836096124826e-09,2.182872221207665e-10,2.0859867320236083e-10
0.36010000000000164,2.520216220518285e-10,3.376356488725314e-10,1.1388113202852766e-09,2.0384834948049781e-10,2.1532270813916623e-10
0.37010000000000165,2.5377540720851007e-10,3.669114665570819e-10,1.204143457130781e-09,1.951348096295291e-10,2.2237759722376635e-10
0.38010000000000166,2.701121563375034e-10,4.767799464441715e-10,1.2494466283364911e-09,2.2078644760280546e-10,2.13136276922615e-10
0.39010000000000167,2.910036894893405e-10,6.118204126884612e-10,1.2884940333712477e-09,2.5717156631382823e-10,1.9880506445111551e-10
0.4001000000000017,3.0993532509926863e-10,6.696372397819616e-10,1.3361848095930139e-09,2.6933137493582036e-10,1.8377875940545157e-10
0.4101000000000017,3.2820667437154883e-10,7.014375467337748e-10,1.38678752370131e-09,2.7332971545295893e-10,1.6851827878667358e-10
0.4201000000000017,3.398668113079513e-10,6.863495914554509e-10,1.2586960076475395e-09,3.037814444938275e-10,1.8768698249777685e-10
0.4301000000000017,3.4914331386475373e-10,6.543563443526703e-10,1.066177320174848e-09,3.437707898051483e-10,2.192689295386905e-10
0.4401000000000017,3.265665634107842e-10,6.904816075680401e-10,1.0022148666539642e-09,3.727308852920768e-10,2.228139903047687e-10
0.4501000000000017,2.9166379688192177e-10,7.52966183375293e-10,9.879988614999653e-10,3.9742307412019406e-10,2.1550982600750093e-10
0.46010000000000173,2.9961319389051787e-10,8.928058838535097e-10,1.0822806565130867e-09,4.2082924319005766e-10,2.3741919849128656e-10
0.47010000000000174,3.25236082075565e-10,1.0645491103259387e-09,1.2213101318210846e-09,4.437050199302464e-10,2.713770917943665e-10
0.48010000000000175,3.1982346049702424e-10,1.1471337736745606e-09,1.2814760506721792e-09,4.914362746755509e-10,2.871939877108652e-10
0.49010000000000176,3.007909389503013e-10,1.1905912978106083e-09,1.3070327828767474e-09,5.500753291209333e-10,2.9504972650088504e-10
0.5001000000000018,3.117607799608695e-10,1.1340423171779087e-09,1.3261914298673203e-09,5.454170175947778e-10,3.0143377055330277e-10
0.5101000000000018,3.367845910973823e-10,1.0306474114039393e-09,1.342353029599064e-09,5.111083980731683e-10,3.071284304334816e-10
0.5201000000000018,3.5896976140729956e-10,1.043194999515217e-09,1.3664817568289922e-09,5.414051234312723e-10,3.4689031683703996e-10
0.5301000000000016,3.797441102285503e-10,1.113366701353845e-09,1.3945701941328643e-09,6.038110920529193e-10,4.0358381881807143e-10
0.5401000000000018,3.9947531296075884e-10,1.0753114909861233e-09,1.491913297799696e-09,6.541699363049973e-10,4.1671016734817423e-10
0.550100000000002,4.1865463718102755e-10,9.799986175857234e-10,1.6258957203680051e-09,6.981552254624748e-10,4.067872267437031e-10
0.5601000000000018,4.4548619771076143e-10,1.0870795669916414e-09,1.8690506665640673e-09,6.699742130570078e-10,3.582668909470867e-10
0.5701000000000016,4.766034880924391e-10,1.3075136870487377e-09,2.1733490386296033e-09,6.013755684189753e-10,2.88129605269084e-10
0.5801000000000018,5.316532060747964e-10,1.3833863241170473e-09,2.1498141149542216e-09,6.238784756529815e-10,2.796765975338315e-10
0.5901000000000021,6.009402374463824e-10,1.3732598652447172e-09,1.931252366220984e-09,7.005773619113038e-10,3.079193404726298e-10
0.6001000000000019,6.390759451060927e-10,1.494111435742789e-09,1.87076968929571e-09,7.821682372431615e-10,3.2438446481749005e-10
0.6101000000000016,6.576279215723615e-10,1.6973042429459642e-09,1.9096657122365936e-09,8.668345324160361e-10,3.3344541851535374e-10
0.6201000000000019,6.833080207223448e-10,1.7187944641946687e-09,1.998893869232645e-09,9.082812128436955e-10,3.3222745892802837e-10
0.6301000000000021,7.137204342663377e-10,1.6196535177299193e-09,2.1215372034133828e-09,9.210346715020871e-10,3.241853955124373e-10
0.6401000000000019,7.613997382471604e-10,1.7920240881482162e-09,2.166612063066839e-09,9.596784073969994e-10,3.1701558818200255e-10
0.6501000000000017,8.212276380549085e-10,2.1554240563051863e-09,2.1571114883425472e-09,1.0165379601550704e-09,3.1045948061846567e-10
0.6601000000000019,8.756639671103194e-10,2.133478584977241e-09,2.2687845502616566e-09,1.0568443109730738e-09,3.26194575295598e-10
0.6701000000000021,9.260988865132999e-10,1.8255450348679978e-09,2.4703878721285934e-09,1.0848655328251102e-09,3.5847331484122944e-10
0.6801000000000019,9.661938438928039e-10,1.707451427170329e-09,2.5994774465142466e-09,1.122465590369666e-09,3.7541353205591e-10
0.6901000000000017,9.981645453967279e-10,1.7385177742244762e-09,2.6715919335932316e-09,1.1675918759583387e-09,3.80302053153426e-10
0.7001000000000019,1.0450856612065708e-09,1.753825193358188e-09,2.7388132259289546e-09,1.1004618826536335e-09,3.7595070076766615e-10
0.7101000000000022,1.104388015920574e-09,1.7560818001556063e-09,2.8019822015942986e-09,9.40366451801098e-10,3.6394731421751697e-10
0.720100000000002,1.1250746414030705e-09,1.8418388235125445e-09,3.062299966407958e-09,9.049398018473566e-10,3.8181475559355263e-10
0.7301000000000017,1.111927222699643e-09,2.0007566246054375e-09,3.495354099949926e-09,9.787445227748265e-10,4.2585419817318416e-10
0.740100000000002,1.0616032069054428e-09,2.156029717040214e-09,3.727953383258752e-09,1.031594201802421e-09,4.606444149407028e-10
0.7501000000000022,9.769623322582475e-10,2.3079384630213404e-09,3.775517420198645e-09,1.0651007652301417e-09,4.868968848047372e-10
0.760100000000002,9.41206699100173e-10,2.4491381472794753e-09,3.6867335901875874e-09,1.1329819592481931e-09,5.2628976207933e-10
0.7701000000000018,9.529864191060316e-10,2.5799244835505744e-09,3.4653669230823292e-09,1.2342885830118452e-09,5.784601952777896e-10
0.780100000000002,9.622921061480944e-10,2.6964658047653753e-09,3.4346978109259345e-09,1.2943841308048521e-09,5.932401676469925e-10
0.7901000000000022,9.69053503712178e-10,2.7983575871697495e-09,3.6001416001062663e-09,1.31209830838061e-09,5.695678811106779e-10
0.800100000000002,9.962925404720046e-10,2.960296502070095e-09,3.8174857005455964e-09,1.3465762608288486e-09,6.699857500157679e-10
0.8101000000000018,1.0457156863605335e-09,3.18728647717436e-09,4.091055138182134e-09,1.399214969388927e-09,9.048346206489302e-10
0.820100000000002,1.0682927789290559e-09,3.1663227052333417e-09,4.2350926197975945e-09,1.4489462280946143e-09,9.92646835405836e-10
0.8301000000000023,1.0601063683369047e-09,2.861223094403727e-09,4.230696486573551e-09,1.4953457738770296e-09,9.119664015836284e-10
0.8401000000000021,1.09861163813131e-09,2.7860363334623514e-09,4.204495234447725e-09,1.5259031349956803e-09,8.714249808288722e-10
0.8501000000000019,1.1934973696727884e-09,2.9884706075954817e-09,4.151964180910716e-09,1.5373309707035788e-09,8.793516398707499e-10
0.8601000000000021,1.2292101297214735e-09,3.159450084268915e-09,4.1355882612632734e-09,1.5973886970225677e-09,9.422536128228631e-10
0.8701000000000023,1.1896118351430216e-09,3.2903961823573e-09,4.165227966566154e-09,1.719339011391985e-09,1.0751241671152203e-09
0.8801000000000021,1.217795633719571e-09,3.5098333661441555e-09,4.1570736693087355e-09,1.840707323119042e-09,1.1355730129599279e-09
0.8901000000000019,1.3373102338710828e-09,3.848505017515235e-09,4.097995058742419e-09,1.9612914341026454e-09,1.0984395568118911e-09
0.9001000000000021,1.4126995076699197e-09,4.055125578718777e-09,4.280272292035264e-09,1.978656692075688e-09,1.0466299566606594e-09
0.9101000000000024,1.4253731239166926e-09,4.074060934284816e-09,4.805590397834681e-09,1.8493162194987233e-09,9.739610428777877e-10
0.9201000000000021,1.4429261820986997e-09,4.082419730362368e-09,5.261451901167676e-09,1.8028521704683627e-09,9.774793972996327e-10
0.9301000000000019,1.4678289761280088e-09,4.07484741803748e-09,5.612693309056393e-09,1.881222032594541e-09,1.0957560178643098e-09
0.9401000000000022,1.5318857705930723e-09,4.066437276981715e-09,5.90973113233232e-09,1.904373290111197e-09,1.1608188148078477e-09
0.9501000000000024,1.6582237989118436e-09,4.0566944239032645e-09,6.120548745887438e-09,1.839689772420034e-09,1.1412357886857024e-09
0.9601000000000022,1.7871506766286667e-09,4.093309257399175e-09,6.316214041888203e-09,1.8038297239357553e-09,1.2113192769690839e-09
0.970100000000002,1.9204479775228518e-09,4.2081838413485025e-09,6.4862996190069285e-09,1.8166286503490685e-09,1.4327752680659497e-09
0.9801000000000022,2.0084782340644134e-09,4.6759355447037695e-09,6.649469371181811e-09,1.8575909519652462e-09,1.6215897988111104e-09
0.9901000000000024,2.015683489408179e-09,5.773754750953175e-09,6.800290811966713e-09,1.9488393914784125e-09,1.7521225020202541e-09
1.0001000000000022,1.9606393882973343e-09,6.290780270113828e-09,6.867553235516368e-09,2.0485294238970597e-09,1.8254453843425051e-09
1.010100000000002,1.7879332088013058e-09,5.7100050050096724e-09,6.776874626488592e-09,2.164175530767097e-09,1.790631784410462e-09
1.0201000000000022,1.7281473804512181e-09,5.358048141038832e-09,6.964911065474054e-09,2.2884841543064508e-09,1.6501607354998138e-09
1.0301000000000025,1.897624083215401e-09,5.470661970277641e-09,7.718823511031285e-09,2.4303803116895383e-09,1.2951730477540346e-09
1.0401000000000022,2.019013624830885e-09,5.815144476413726e-09,8.218324742643623e-09,2.5500721438952904e-09,1.0879214149598603e-09
1.050100000000002,2.0382179490055115e-09,6.652347920955996e-09,8.177202144623722e-09,2.622579785099269e-09,1.19460889893747e-09
1.0601000000000023,2.0431418390639392e-09,7.26787535182889e-09,8.012518369473264e-09,2.6742295953779716e-09,1.2665925403810484e-09
1.0701000000000025,2.0162802467347307e-09,7.389994881309091e-09,7.572811329097017e-09,2.6794539110165857e-09,1.2613321452166917e-09
1.0801000000000023,2.0254840491521125e-09,7.691441883448334e-09,7.695844834974282e-09,2.7625999034626516e-09,1.2639716187474927e-09
1.090100000000002,2.122985886983454e-09,8.431932008304039e-09,9.196622436849872e-09,3.036519656368118e-09,1.2859521501181391e-09
1.1001000000000023,2.193096528707373e-09,9.039742418950909e-09,1.0188498791411468e-08,3.163131976150886e-09,1.3286864573072118e-09
1.1101000000000025,2.192772666155134e-09,9.306376421632507e-09,9.87177193859554e-09,2.910953753618542e-09,1.424787616600746e-09
1.1201000000000023,2.2721836036512036e-09,9.101341714733708e-09,9.234628683314743e-09,2.771918811393901e-09,1.4436164836766975e-09
1.130100000000002,2.5671738153516925e-09,7.621054570822848e-09,7.73117441396329e-09,2.9387897751859765e-09,1.2535239680905629e-09
1.1401000000000023,2.8258132641539015e-09,6.56235268400572e-09,6.521129852913851e-09,3.099739434138243e-09,1.1852987423745785e-09
1.1501000000000026,2.9754004242613674e-09,6.768406568468412e-09,6.191314416769565e-09,3.242925178571082e-09,1.4826753862686152e-09
1.1601000000000024,3.1033995651111725e-09,6.9708811695392545e-09,5.9973970539804525e-09,3.571745512208339e-09,1.7821657588701724e-09
1.1701000000000021,3.163036644978498e-09,7.1620213732026164e-09,6.233823590148764e-09,4.488408711658814e-09,2.0883496057122454e-09
1.1801000000000024,3.2118021438960373e-09,7.390967407065461e-09,6.445797301696647e-09,5.043064664739973e-09,2.2625717741671777e-09
1.1901000000000026,3.222022946718923e-09,7.75395229345353e-09,6.571074635044909e-09,4.314240380695181e-09,1.9689298101592107e-09
1.2001000000000024,3.2138561499441305e-09,8.096271968628423e-09,6.743156056004264e-09,3.732097729038351e-09,1.7873796757656853e-09
1.2101000000000022,3.136516954682938e-09,8.360851087334884e-09,7.0913099970241565e-09,3.7017574087448193e-09,2.0275083289686654e-09
1.2201000000000024,3.127111419262579e-09,8.518886831419736e-09,7.401610554813306e-09,3.811527707008184e-09,2.215573399653866e-09
1.2301000000000026,3.3894405232051595e-09,8.250749077018739e-09,7.560497579679648e-09,4.481740479498299e-09,2.195384140268222e-09
1.2401000000000024,3.60881507965111e-09,8.03158779826821e-09,7.798591704754328e-09,5.0956125688932224e-09,2.2035594685472278e-09
1.2501000000000022,3.632507808612801e-09,8.03554157525826e-09,8.397518175221976e-09,5.452821546410628e-09,2.3409512517427474e-09
1.2601000000000024,3.6354353077605375e-09,8.048892685543696e-09,9.015741130284455e-09,5.699585499904803e-09,2.4306035955536016e-09
1.2701000000000027,3.5369796260520776e-09,8.108124893683001e-09,9.728176333662581e-09,5.407117865521712e-09,2.287175147074991e-09
1.2801000000000025,3.5147746741368566e-09,8.26798028491938e-09,1.0262475734204455e-08,5.170600704175856e-09,2.1913711540952955e-09
1.2901000000000022,3.8928860536353634e-09,8.956107387414414e-09,9.861562169857928e-09,5.227823526274864e-09,2.3455955524844015e-09
1.3001000000000025,4.233351071713023e-09,9.566056586918937e-09,9.648626649198444e-09,5.244126155494567e-09,2.4710988252151665e-09
1.3101000000000027,4.342559869634418e-09,9.695770096625408e-09,1.0590413396899959e-08,5.00906188559904e-09,2.420172326045016e-09
1.3201000000000025,4.441321973302962e-09,9.739847097995638e-09,1.1379713414050688e-08,4.882533020213733e-09,2.4058722946230683e-09
1.3301000000000023,4.4701715846641556e-09,9.210818235886197e-09,1.1148525311364125e-08,5.482356477318198e-09,2.636687855053909e-09
1.3401000000000025,4.501913225204687e-09,8.806608013126962e-09,1.093824796426335e-08,5.9775850943331e-09,2.8563506401966985e-09
1.3501000000000027,4.554863079726965e-09,9.317734478933904e-09,1.0881316158124736e-08,5.705784884026162e-09,2.994226406560563e-09
1.3601000000000025,4.598515376411865e-09,9.74140876738727e-09,1.0879120382978236e-08,5.478016155167456e-09,3.101089984184324e-09
1.3701000000000023,4.558489652560622e-09,9.37801345966091e-09,1.1369548886759319e-08,5.646530759341582e-09,2.9288438631480093e-09
1.3801000000000025,4.551317688566173e-09,9.237281804166513e-09,1.1782276454387965e-08,5.869064162973332e-09,2.797399216295908e-09
1.3901000000000028,4.8763337409005085e-09,1.134792707678845e-08,1.1409361223144175e-08,6.637787650008175e-09,3.0785028084163122e-09
1.4001000000000026,5.1738787488355985e-09,1.3350404964328909e-08,1.1031084690312759e-08,7.344785266169504e-09,3.374304874160506e-09
1.4101000000000024,5.155506746180649e-09,1.4108957923437803e-08,1.0591153189223658e-08,7.341935367288316e-09,3.839139386577823e-09
1.4201000000000026,5.1367450633137695e-09,1.4769923263519177e-08,1.0182505224200021e-08,7.329380822319957e-09,4.299242163942189e-09
1.4301000000000028,5.111878390460037e-09,1.3902015905509208e-08,1.026396599086669e-08,7.16478682198662e-09,4.685214425477024e-09
1.4401000000000026,5.096737353256034e-09,1.3212843399037523e-08,1.0353887423702553e-08,6.987906245570888e-09,5.03895335229742e-09
1.4501000000000024,5.266383393395832e-09,1.5919633071773785e-08,1.0604561513752298e-08,6.577580723590797e-09,4.780258919547177e-09
1.4601000000000026,5.396230731804279e-09,1.840845312175176e-08,1.0867830473473415e-08,6.156240826398335e-09,4.526504031925539e-09
